Item Name,Item URL,Item Price,Rating,Number of Reviews
Wesley Milestone 2.0 Casual Waterproof Laptop Backpack/Office Bag/School Bag/College Bag/Business Bag/Travel Backpack (Dimensions:13x18 inches) (Compatible with 39.62cm(15.6inch laptop) 30 L (Blue & black),https://www.amazon.in/Wesley-Milestone-Waterproof-Backpack-Business/dp/B084JGJ8PF/ref=sr_1_1?crid=2M096C61O4MLT&keywords=bags&qid=1685030872&sprefix=ba%2Caps%2C283&sr=8-1,598,4.3 out of 5 stars,"10,922"
American Tourister 32 Ltrs Black Casual Backpack (AMT FIZZ SCH BAG 02 - BLACK),https://www.amazon.in/American-Tourister-AMT-SCH-02/dp/B07CJCGM1M/ref=sr_1_2?crid=2M096C61O4MLT&keywords=bags&qid=1685030872&sprefix=ba%2Caps%2C283&sr=8-2,"1,199",4.0 out of 5 stars,"54,203"
Skybags Brat Black 46 Cms Casual Backpack,https://www.amazon.in/Skybags-Brat-Black-Casual-Backpack/dp/B08Z1HHHTD/ref=sr_1_3?crid=2M096C61O4MLT&keywords=bags&qid=1685030872&sprefix=ba%2Caps%2C283&sr=8-3,669,4.1 out of 5 stars,"4,547"
ADISA 15.6 inch Laptop Backpack Office Bag College Travel Back Pack 32 Ltrs (z-Navy Blue),https://www.amazon.in/ADISA-Laptop-Backpack-Office-College/dp/B09TPX22NF/ref=sr_1_4?crid=2M096C61O4MLT&keywords=bags&qid=1685030872&sprefix=ba%2Caps%2C283&sr=8-4,499,3.9 out of 5 stars,801
"Half Moon 35L Water Resistant 15.6 inch Laptop Bag for Men/Backpack for Men, Navy Blue | Office Bag for Men/Office Bag for Women with Padded Laptop Compartment | Rain Cover & Reflective Strips",https://www.amazon.in/Half-Moon-Waterproof-Backpack-Students/dp/B085MHDJ93/ref=sr_1_5?crid=2M096C61O4MLT&keywords=bags&qid=1685030872&sprefix=ba%2Caps%2C283&sr=8-5,529,3.9 out of 5 stars,"15,923"
"FUR JADEN Anti Theft Number Lock Backpack Bag with 15.6 Inch Laptop Compartment, USB Charging Port & Organizer Pocket for Men Women Boys Girls",https://www.amazon.in/Number-Backpack-Compartment-Charging-Organizer/dp/B09VTCNN75/ref=sr_1_6?crid=2M096C61O4MLT&keywords=bags&qid=1685030872&sprefix=ba%2Caps%2C283&sr=8-6,699,4.0 out of 5 stars,"4,022"
"TRUE HUMAN Emperor Anti-Theft backpack With USB charging Port Laptop Bag, Office bag, college bag and anti -theft back pocket (Black)",https://www.amazon.in/TRUE-HUMAN-Anti-Theft-backpack-charging/dp/B09QJ7ZF2Y/ref=sr_1_7?crid=2M096C61O4MLT&keywords=bags&qid=1685030872&sprefix=ba%2Caps%2C283&sr=8-7,599,3.8 out of 5 stars,"2,034"
SAFARI 15 Ltrs Sea Blue Casual/School/College Backpack (DAYPACKNEO15CBSEB),https://www.amazon.in/SAFARI-Ltrs-Casual-Backpack-DAYPACKNEO15CBSEB/dp/B07Q7CNPMV/ref=sr_1_8?crid=2M096C61O4MLT&keywords=bags&qid=1685030872&sprefix=ba%2Caps%2C283&sr=8-8,248,4.0 out of 5 stars,"19,027"
Fur Jaden Brown Textured Leatherette Stylish & Spacious Weekender Duffle Bag for Travel,https://www.amazon.in/FUR-JADEN-Leatherette-Polypropylene-DUFF05/dp/B07M9BRCQ5/ref=sr_1_9?crid=2M096C61O4MLT&keywords=bags&qid=1685030872&sprefix=ba%2Caps%2C283&sr=8-9,899,4.3 out of 5 stars,"5,925"
Wesley Spartan Unisex Travel Hiking Laptop Bag fits Upto 17.3 inch with Raincover and Internal Organiser Backpack Rucksack College Bag,https://www.amazon.in/Wesley-Spartan-Hiking-Raincover-Organiser/dp/B098QFF5TJ/ref=sr_1_10?crid=2M096C61O4MLT&keywords=bags&qid=1685030872&sprefix=ba%2Caps%2C283&sr=8-10,698,4.1 out of 5 stars,"1,273"
Lunar's Bingo - 48 L Laptop Office/School/Travel/Business Backpack Water Resistant - Fits Up to 15.6 Inch Laptop Notebook with 1 Year Warranty,https://www.amazon.in/Lunars-Bingo-Laptop-Resistant-48L/dp/B08YZ8FFBZ/ref=sr_1_11?crid=2M096C61O4MLT&keywords=bags&qid=1685030872&sprefix=ba%2Caps%2C283&sr=8-11,899,3.9 out of 5 stars,"9,506"
"FUR JADEN Anti Theft Number Lock Backpack Bag with 15.6 Inch Laptop Compartment, USB Charging Port & Organizer Pocket for Men Women Boys Girls",https://www.amazon.in/Number-Backpack-Compartment-Charging-Organizer/dp/B09VTDMRY7/ref=sr_1_12?crid=2M096C61O4MLT&keywords=bags&qid=1685030872&sprefix=ba%2Caps%2C283&sr=8-12,699,4.0 out of 5 stars,"4,022"
Safari Seek 45 Ltrs Overnighter Expandable Travel Laptop Backpack,https://www.amazon.in/Safari-45L-21-OB-BLK/dp/B07BZ5VC4H/ref=sr_1_13?crid=2M096C61O4MLT&keywords=bags&qid=1685030872&sprefix=ba%2Caps%2C283&sr=8-13,"1,999",4.5 out of 5 stars,"7,037"
"Lenovo 15.6"" (39.62cm) Slim Everyday Backpack, Made in India, Compact, Water-resistant, Organized storage:Laptop sleeve,tablet pocket,front workstation,2-side pockets,Padded adjustable shoulder straps",https://www.amazon.in/Lenovo-15-6-Inches-Everyday-Backpack/dp/B08R7RPVJF/ref=sr_1_14?crid=2M096C61O4MLT&keywords=bags&qid=1685030872&sprefix=ba%2Caps%2C283&sr=8-14,649,4.4 out of 5 stars,"3,041"
ADISA 32L Large Laptop Backpack Office Bag College Travel Back Pack with rain Cover (Grey),https://www.amazon.in/ADISA-Laptop-Backpack-Office-College/dp/B0BPVLXD53/ref=sr_1_15?crid=2M096C61O4MLT&keywords=bags&qid=1685030872&sprefix=ba%2Caps%2C283&sr=8-15,599,3.8 out of 5 stars,141
Gear Aspire 30L Water Restant Office Laptop Bag/Backpack for Men/Women/(Black),https://www.amazon.in/Gear-Black-Laptop-Backpack-LBPASPIRE0104/dp/B075MK4TXP/ref=sr_1_16?crid=2M096C61O4MLT&keywords=bags&qid=1685030872&sprefix=ba%2Caps%2C283&sr=8-16,986,4.3 out of 5 stars,"5,589"
Gear CarryOn 16L Foldable Water Resistant School Bag//Backpack/College Bag for Men/Women - Blue Black,https://www.amazon.in/GEAR-Black-Blue-Backpack-years/dp/B019HA8AYG/ref=sr_1_17?crid=2M096C61O4MLT&keywords=bags&qid=1685030878&sprefix=ba%2Caps%2C283&sr=8-17,263,3.7 out of 5 stars,"6,446"
"Wesley Milestone 2.0 Casual Waterproof Laptop Backpack/Office Bag/School Bag/College Bag/Business Bag/Travel Backpack (Dimensions:13x18 inches) (Compatible with 39.62cm(15.6inch laptop) 30 L, Charcoal black",https://www.amazon.in/Wesley-Milestone-Waterproof-Backpack-Business/dp/B085S444JV/ref=sr_1_18?crid=2M096C61O4MLT&keywords=bags&qid=1685030878&sprefix=ba%2Caps%2C283&sr=8-18,598,4.3 out of 5 stars,"10,922"
Gear Classic 20L Faux Leather Water Resistant Anti Theft Laptop Bag/Backpack for Men/Women-Brown,https://www.amazon.in/Gear-Classic-Leather-Backpack-LBPCLSLTH0201/dp/B07G4F6XFH/ref=sr_1_19?crid=2M096C61O4MLT&keywords=bags&qid=1685030878&sprefix=ba%2Caps%2C283&sr=8-19,988,4.4 out of 5 stars,"5,702"
"Safari Flash Casual Backpack, 26 ltr Water Resistant Travel Bags| Weight Polyester Bagpack for Men and Women, Spacious Shoulder Bag for College, Office, Travelling and Camping",https://www.amazon.in/Safari-Backpack-Resistant-Polyester-Travelling/dp/B09B26VHXV/ref=sr_1_20?crid=2M096C61O4MLT&keywords=bags&qid=1685030878&sprefix=ba%2Caps%2C283&sr=8-20,799,3.8 out of 5 stars,"2,708"
Half Moon Large 37L Laptop Bag Backpack for menं Women Boys and Girls Luggage Travel Bags with 17.3 inches Laptop Compartment & Rain Cover,https://www.amazon.in/Half-Moon-Backpack-Luggage-Compartment/dp/B09VCLZ3K4/ref=sr_1_21?crid=2M096C61O4MLT&keywords=bags&qid=1685030878&sprefix=ba%2Caps%2C283&sr=8-21,749,3.9 out of 5 stars,"2,764"
Zipline Unisex casual polyester 36 L Backpack School Bag Women Men Boys Girls children Daypack College Bag Book School Sports Bag Weekend Bag,https://www.amazon.in/ZIPLINE-Polyester-Backpack-Children-Daypack/dp/B07XVMR33Q/ref=sr_1_22?crid=2M096C61O4MLT&keywords=bags&qid=1685030878&sprefix=ba%2Caps%2C283&sr=8-22,834,4.0 out of 5 stars,"5,572"
"Fur Jaden 55 LTR Rucksack Travel Backpack Bag for Trekking, Hiking with Shoe Compartment",https://www.amazon.in/Rucksack-Travel-Backpack-Trekking-Compartment/dp/B07YDGQQN5/ref=sr_1_23?crid=2M096C61O4MLT&keywords=bags&qid=1685030878&sprefix=ba%2Caps%2C283&sr=8-23,849,4.3 out of 5 stars,"5,209"
"American Tourister VALEX BLUE LAPTOP BACKPACK 28 Ltrs,Volume, LAPTOP COMPARTMENT, BOTTLE POCKET, FRONT ORGANIZER",https://www.amazon.in/American-Tourister-BACKPACK-COMPARTMENT-ORGANIZER/dp/B0BTD4FK9G/ref=sr_1_24?crid=2M096C61O4MLT&keywords=bags&qid=1685030878&sprefix=ba%2Caps%2C283&sr=8-24,"1,299",4.2 out of 5 stars,203
Wesley Milestone 15.6 inch 25 L Casual Waterproof Laptop Backpack/Office Bag/School Bag/College Bag/Business Bag/Unisex Travel Backpack,https://www.amazon.in/Wesley-Milestone-Waterproof-Backpack-Business/dp/B07PLKV6D1/ref=sr_1_25?crid=2M096C61O4MLT&keywords=bags&qid=1685030878&sprefix=ba%2Caps%2C283&sr=8-25,497,4.3 out of 5 stars,"12,760"
"Safari Quill Laptop Backpack 26 Ltrs Water Resistant Fabric - Black, L (QUILL19CBBLK)",https://www.amazon.in/Safari-Laptop-Backpack-Resistant-Fabric/dp/B09B25Z8M2/ref=sr_1_26?crid=2M096C61O4MLT&keywords=bags&qid=1685030878&sprefix=ba%2Caps%2C283&sr=8-26,849,3.9 out of 5 stars,849
"Safari Quill Laptop Backpack 26 Ltrs Water Resistant Fabric - Blue, L (QUILL19CBBLU)",https://www.amazon.in/Safari-Laptop-Backpack-Resistant-Fabric/dp/B09B28TKLG/ref=sr_1_27?crid=2M096C61O4MLT&keywords=bags&qid=1685030878&sprefix=ba%2Caps%2C283&sr=8-27,849,4.0 out of 5 stars,600
"POLESTAR Vintage 15.6 inch 32 LTR Casual Laptop Backpack/Office Bag/School Bag/College Bag/Business Bag/Unisex Backpack, Water Resistant and Light Weight, 1 year Warranty",https://www.amazon.in/POLESTAR-Vintage-Laptop-Backpack-bagpack/dp/B081GSQ9D9/ref=sr_1_28?crid=2M096C61O4MLT&keywords=bags&qid=1685030878&sprefix=ba%2Caps%2C283&sr=8-28,549,3.9 out of 5 stars,"8,836"
ADISA Light Weight Laptop Backpack 32 Ltrs,https://www.amazon.in/ADISA-BP005-Weight-Casual-Backpack/dp/B07F3X45WZ/ref=sr_1_29?crid=2M096C61O4MLT&keywords=bags&qid=1685030878&sprefix=ba%2Caps%2C283&sr=8-29,499,4.0 out of 5 stars,"5,860"
"Wesley Unisex Milestone Casual Waterproof Laptop Office School College Business Travel Backpack 25 L (Dimensions: 12.5x18 inches) (Compatible with 15.6 inch laptops), Navy Blue",https://www.amazon.in/Wesley-Milestone-Waterproof-Backpack-Business/dp/B07K8KLB3P/ref=sr_1_30?crid=2M096C61O4MLT&keywords=bags&qid=1685030878&sprefix=ba%2Caps%2C283&sr=8-30,425,4.3 out of 5 stars,"12,760"
Half Moon 45L Hammer Waterproof Laptop Travelling Rucksack Trekking Backpack for Travel Journey bags for Men Women Boys & Girls with 17.3inch Laptop Compartment & Rain cover,https://www.amazon.in/Half-Moon-Trekking-Bags-Compartment/dp/B08PSX1LN9/ref=sr_1_31?crid=2M096C61O4MLT&keywords=bags&qid=1685030878&sprefix=ba%2Caps%2C283&sr=8-31,"1,199",4.1 out of 5 stars,"1,221"
FUR JADEN Anti Theft Backpack 15.6 Inch Laptop Bag with USB Charging Port For Men Women Boys Girls,https://www.amazon.in/Fur-Jaden-Black-Waterproof-Backpack/dp/B078GLXMDY/ref=sr_1_32?crid=2M096C61O4MLT&keywords=bags&qid=1685030878&sprefix=ba%2Caps%2C283&sr=8-32,899,4.0 out of 5 stars,"11,072"
Half Moon 45L Hammer Waterproof Laptop Travelling Rucksack Trekking Backpack for Travel Journey bags for Men Women Boys & Girls with 17.3inch Laptop Compartment & Rain cover,https://www.amazon.in/Half-Moon-Trekking-Bags-Compartment/dp/B08PSX1LN9/ref=sr_1_33?crid=2M096C61O4MLT&keywords=bags&qid=1685030884&sprefix=ba%2Caps%2C283&sr=8-33,"1,199",4.1 out of 5 stars,"1,221"
NORTH ZONE Casual Waterproof Laptop Backpack/Office Bag/School Bag/College Bag/Business Bag/Travel Backpack (Dimensions:13x18 inches) (Compatible with 39.62cm(15.6inch laptop) 30 L,https://www.amazon.in/NORTH-ZONE-Waterproof-Backpack-Dimensions/dp/B0BS6QQZYN/ref=sr_1_34?crid=2M096C61O4MLT&keywords=bags&qid=1685030884&sprefix=ba%2Caps%2C283&sr=8-34,569,4.0 out of 5 stars,314
ADISA Laptop Backpack 31 Ltrs,https://www.amazon.in/ADISA-BP004-Weight-Casual-Backpack/dp/B07G3CG9FC/ref=sr_1_35?crid=2M096C61O4MLT&keywords=bags&qid=1685030884&sprefix=ba%2Caps%2C283&sr=8-35,499,4.0 out of 5 stars,"9,284"
DEIN KLEIDER Men's Nylon Messenger Bag,https://www.amazon.in/Kleider-Travel-Business-Messenger-Shoulder/dp/B084ZHP97M/ref=sr_1_36?crid=2M096C61O4MLT&keywords=bags&qid=1685030884&sprefix=ba%2Caps%2C283&sr=8-36,349,4.0 out of 5 stars,"4,879"
"Safari Sneak Casual Backpack with USB Charging Port 26 Ltrs Water Resistant Fabric - Grey, L (SNEAK19CBGRE)",https://www.amazon.in/Safari-Casual-Backpack-Charging-Resistant/dp/B09B2581S9/ref=sr_1_37?crid=2M096C61O4MLT&keywords=bags&qid=1685030884&sprefix=ba%2Caps%2C283&sr=8-37,949,3.7 out of 5 stars,923
URBAN CARRIER School Bag For girls school bags for boys Class 5-10 Large 4 partition 45 L Laptop Collage Office Travel Unisex Backpack,https://www.amazon.in/School-school-partition-Collage-Backpack/dp/B09NNYCQ1Q/ref=sr_1_38?crid=2M096C61O4MLT&keywords=bags&qid=1685030884&sprefix=ba%2Caps%2C283&sr=8-38,395,3.7 out of 5 stars,654
"TRUE HUMAN® Emperor Anti-Theft Pocket backpack With USB charging Port Laptop,office,college,travel bag for men and women(Epower)",https://www.amazon.in/TRUE-Emperor-Anti-Theft-backpack-charging/dp/B0BYB631NR/ref=sr_1_39?crid=2M096C61O4MLT&keywords=bags&qid=1685030884&sprefix=ba%2Caps%2C283&sr=8-39,649,3.5 out of 5 stars,33
"WILDHORN 31L Laptop Backpack for Men/Women I Fits upto 15.6"" Laptop I Waterproof I Travel/Business/College Bookbags",https://www.amazon.in/WILDHORN-Backpack-Compartment-Business-Stitching/dp/B09QL66G55/ref=sr_1_40?crid=2M096C61O4MLT&keywords=bags&qid=1685030884&sprefix=ba%2Caps%2C283&sr=8-40,599,4.0 out of 5 stars,"1,234"
"Mi Step Out 12 L Mini Backpack (Small Size, Dark Blue, Water Repellant)",https://www.amazon.in/Step-Backpack-Small-Water-Repellant/dp/B088XH1BP7/ref=sr_1_41?crid=2M096C61O4MLT&keywords=bags&qid=1685030884&sprefix=ba%2Caps%2C283&sr=8-41,398,4.1 out of 5 stars,"8,997"
POLICE Backpack for Men Casual Laptop Bag Office/Travel/College 30 Ltr Hedge Polyester - Black,https://www.amazon.in/Police-Polyester-laptop-casual-backpack/dp/B09CQ5T3LN/ref=sr_1_42?crid=2M096C61O4MLT&keywords=bags&qid=1685030884&sprefix=ba%2Caps%2C283&sr=8-42,"1,399",4.1 out of 5 stars,"5,525"
NIVIA Basic Duffle Polyester Bag/Gym Bags/Adjustable Shoulder Bag for Men/Duffle Gym Bags for Men/Fitness Bag/Carry Bags/Sports & Travel Bag/Sports Kit/Duffle Bags Travel,https://www.amazon.in/Nivia-6853-Polyester-Basic-Duffle/dp/B07FWQ9HRV/ref=sr_1_43?crid=2M096C61O4MLT&keywords=bags&qid=1685030884&sprefix=ba%2Caps%2C283&sr=8-43,269,4.0 out of 5 stars,"3,447"
Northzone Lightweight school bags Backpacks for Boys Girls Stylish men and women Casual Travel Laptop Bag College office (Black) 40L,https://www.amazon.in/NORTH-ZONE-Lightweight-Backpacks-Stylish/dp/B0BL3TVDK6/ref=sr_1_44?crid=2M096C61O4MLT&keywords=bags&qid=1685030884&sprefix=ba%2Caps%2C283&sr=8-44,426,3.9 out of 5 stars,70
"American Tourister VALEX BLACK LAPTOP BACKPACK 28 Ltrs,Volume, LAPTOP COMPARTMENT, BOTTLE POCKET, FRONT ORGANIZER",https://www.amazon.in/American-Tourister-BACKPACK-COMPARTMENT-ORGANIZER/dp/B0BTD4S4XF/ref=sr_1_45?crid=2M096C61O4MLT&keywords=bags&qid=1685030884&sprefix=ba%2Caps%2C283&sr=8-45,"1,299",4.3 out of 5 stars,194
F Gear Luxur Brown 25 liter Laptop Backpack (2404),https://www.amazon.in/F-Gear-Luxur-Brown-Backpack/dp/B01F7AX9ZA/ref=sr_1_46?crid=2M096C61O4MLT&keywords=bags&qid=1685030884&sprefix=ba%2Caps%2C283&sr=8-46,"1,162",4.4 out of 5 stars,"16,733"
Gear Vintage2 Anti Theft Faux Leather 18 cms Tan Laptop Backpack,https://www.amazon.in/Gear-Vintage2-Leather-Backpack-LBPVG2LTH1901/dp/B07G4F3758/ref=sr_1_47?crid=2M096C61O4MLT&keywords=bags&qid=1685030884&sprefix=ba%2Caps%2C283&sr=8-47,836,4.3 out of 5 stars,"1,555"
ADISA 32L Large Laptop Backpack Office Bag College Travel Back Pack with rain Cover (Black),https://www.amazon.in/ADISA-Laptop-Backpack-Office-College/dp/B0BPTV3795/ref=sr_1_48?crid=2M096C61O4MLT&keywords=bags&qid=1685030884&sprefix=ba%2Caps%2C283&sr=8-48,599,3.8 out of 5 stars,141
NIVIA Beast Gym Bag-4 Polyester/Unisex Gym Bags/Shoulder Bag for Men & Women with Separate Shoes Compartment/Carry Gym Accessories/Fitness Bag/Sports & Travel Bag/Sports Kit,https://www.amazon.in/Nivia-5183-Polyester-Duffle-Medium/dp/B071KNXQ7Y/ref=sr_1_49?crid=2M096C61O4MLT&keywords=bags&qid=1685030889&sprefix=ba%2Caps%2C283&sr=8-49,409,4.2 out of 5 stars,"3,290"
"AirCase Laptop Bag Backpack Case Pouch for Laptop Backpack for Men & Women,Premium Vegan Leather",https://www.amazon.in/AirCase-C34-Laptop-Backpack-Women/dp/B07QN4KXWG/ref=sr_1_50?crid=2M096C61O4MLT&keywords=bags&qid=1685030889&sprefix=ba%2Caps%2C283&sr=8-50,918,3.8 out of 5 stars,806
AUXTER Faux Leather 23 Cms Duffle Bag(AUX_GB_LE_Black -SE_0521_Black),https://www.amazon.in/AUXTER-BLACKY-Duffel-Emboss-Black/dp/B07F2H25NP/ref=sr_1_51?crid=2M096C61O4MLT&keywords=bags&qid=1685030889&sprefix=ba%2Caps%2C283&sr=8-51,376,4.3 out of 5 stars,"9,121"
Lavie Sport Lino Large Size 63 cms Wheel Duffle Bag for Travel | Travel Bag with Trolley,https://www.amazon.in/Lavie-Sport-Duffle-Luggage-Trolley/dp/B097RJ22Q3/ref=sr_1_52?crid=2M096C61O4MLT&keywords=bags&qid=1685030889&sprefix=ba%2Caps%2C283&sr=8-52,"1,199",4.0 out of 5 stars,"7,624"
"Lenovo 15.6"" Professional Backpack, Made in India, Water-resistant,Uncompromised storage, Travel friendly:Fleece-lined PC compartment,Vented,Padded BackPanel & Adjustable shoulder straps,Luggage strap",https://www.amazon.in/Lenovo-Professional-Backpack-Water-resistant-Uncompromised/dp/B08R7S55H4/ref=sr_1_53?crid=2M096C61O4MLT&keywords=bags&qid=1685030889&sprefix=ba%2Caps%2C283&sr=8-53,700,4.2 out of 5 stars,755
Gear Vintage2 Anti Theft Faux Leather 18 cms Tan Laptop Backpack,https://www.amazon.in/Gear-Vintage2-Leather-Backpack-LBPVG2LTH1901/dp/B07G4F3758/ref=sr_1_54?crid=2M096C61O4MLT&keywords=bags&qid=1685030889&sprefix=ba%2Caps%2C283&sr=8-54,836,4.3 out of 5 stars,"1,555"
Trajectory 15.6 Inch Vegan Leather Messenger Laptop bag for men in Office for all laptop like Apple MacBook with 2 Years Warranty and Spacious Multiple Compartment with Expandable Bottom Used as Shoulder and Handbag for Men,https://www.amazon.in/Trajectory-Elegant-15-6-Laptop-Office/dp/B09RK6NCGC/ref=sr_1_55?crid=2M096C61O4MLT&keywords=bags&qid=1685030889&sprefix=ba%2Caps%2C283&sr=8-55,"1,399",4.1 out of 5 stars,392
Lunar's Comet 35L Water Resistant Travel Bagpack/College Backpack/School Bag/Office Bag/Business Backpack/Daypack for Men and Women with 1 Year Warranty,https://www.amazon.in/Lunars-Comet-Resistant-Casual-Backpack/dp/B07WNFN1XS/ref=sr_1_56?crid=2M096C61O4MLT&keywords=bags&qid=1685030889&sprefix=ba%2Caps%2C283&sr=8-56,799,4.0 out of 5 stars,"13,288"
"Genie Glitter Backpack for Women - 3 compartments, Laptop Bags for Girls, Stylish and Trendy College Backpacks for Girls, Water Resistant and Lightweight Bags for Office and Travelling Purpose.",https://www.amazon.in/Genie-Glitter-Backpack-Women-compartments/dp/B097JHQH13/ref=sr_1_57?crid=2M096C61O4MLT&keywords=bags&qid=1685030889&sprefix=ba%2Caps%2C283&sr=8-57,889,4.3 out of 5 stars,680
Wesley Milestone 15.6 inch 25 L Casual Waterproof Laptop Backpack/Office Bag/School Bag/College Bag/Business Bag/Unisex Travel Backpack (Black),https://www.amazon.in/Wesley-Milestone-Waterproof-Backpack-Business/dp/B07NJRPJ6Q/ref=sr_1_58?crid=2M096C61O4MLT&keywords=bags&qid=1685030889&sprefix=ba%2Caps%2C283&sr=8-58,497,4.3 out of 5 stars,"12,760"
Tabelito® Laptop Bag For Men and women Briefcase 15.6 Inch (39.6 cm) Messenger Side Shoulder Travel bags for mens Water Resistant gifts office bag for men,https://www.amazon.in/Tabelito-Office-Laptop-Briefcase-Women/dp/B08FKXCJNQ/ref=sr_1_59?crid=2M096C61O4MLT&keywords=bags&qid=1685030889&sprefix=ba%2Caps%2C283&sr=8-59,549,4.0 out of 5 stars,"2,560"
ADISA 32L Large Laptop Backpack Office Bag College Travel Back Pack with rain Cover (Black),https://www.amazon.in/ADISA-Laptop-Backpack-Office-College/dp/B0BPTV3795/ref=sr_1_60?crid=2M096C61O4MLT&keywords=bags&qid=1685030889&sprefix=ba%2Caps%2C283&sr=8-60,599,3.8 out of 5 stars,141
"Lenovo 15.6"" Casual Backpack B210",https://www.amazon.in/Lenovo-Laptop-Backpack-15-6-Inch-GX40Q17225/dp/B075Y72PHZ/ref=sr_1_61?crid=2M096C61O4MLT&keywords=bags&qid=1685030889&sprefix=ba%2Caps%2C283&sr=8-61,749,4.2 out of 5 stars,"26,983"
ADISA Large Laptop Backpack Office Bag College Travel Back Pack with USB (Black),https://www.amazon.in/ADISA-Laptop-Backpack-Office-College/dp/B0BXQZ6Q85/ref=sr_1_62?crid=2M096C61O4MLT&keywords=bags&qid=1685030889&sprefix=ba%2Caps%2C283&sr=8-62,499,4.0 out of 5 stars,39
Bennett™ Mystic 15.6 inch (39.6cm) Laptop Briefcase Shoulder Sling Office Business Professional Travel Messenger Bag for Men and Women Water Repellent Formal Executive Bags (Grey) 6 Months Warranty,https://www.amazon.in/BennettTM-Mystic-Shoulder-Messenger-Repellent/dp/B09321GJXZ/ref=sr_1_63?crid=2M096C61O4MLT&keywords=bags&qid=1685030889&sprefix=ba%2Caps%2C283&sr=8-63,499,4.0 out of 5 stars,"5,740"
Arctic Hunter Laptop Bag Expandable Backpack for 16 inch Lapotp 40L Travel Backpack Water-resistant Business School Backpack with USB Port for Men and Women,https://www.amazon.in/Expandable-Backpack-Water-resistant-Business-Charging/dp/B0B6FNB898/ref=sr_1_64?crid=2M096C61O4MLT&keywords=bags&qid=1685030889&sprefix=ba%2Caps%2C283&sr=8-64,"3,514",4.5 out of 5 stars,52
"Fur Jaden 15.6 Inch Laptop Backpack 25 LTR Bag for School, College and Office with USB Charging Port",https://www.amazon.in/Casual-Backpack-Charging-Laptop-Compartment/dp/B07J46KLFP/ref=sr_1_65?crid=2M096C61O4MLT&keywords=bags&qid=1685030894&sprefix=ba%2Caps%2C283&sr=8-65,499,3.9 out of 5 stars,"10,167"
"Lenovo 15.6"" Casual Backpack B210",https://www.amazon.in/Lenovo-Laptop-Backpack-15-6-Inch-GX40Q17225/dp/B075Y72PHZ/ref=sr_1_66?crid=2M096C61O4MLT&keywords=bags&qid=1685030894&sprefix=ba%2Caps%2C283&sr=8-66,749,4.2 out of 5 stars,"26,983"
ADISA 32L Large Laptop Backpack Office Bag College Travel Back Pack with rain Cover (Green),https://www.amazon.in/ADISA-Laptop-Backpack-Office-College/dp/B0BPVCBFM7/ref=sr_1_67?crid=2M096C61O4MLT&keywords=bags&qid=1685030894&sprefix=ba%2Caps%2C283&sr=8-67,599,3.8 out of 5 stars,141
ADISA Large Laptop Backpack Office Bag College Travel Back Pack with USB (Black),https://www.amazon.in/ADISA-Laptop-Backpack-Office-College/dp/B0BXQZ6Q85/ref=sr_1_68?crid=2M096C61O4MLT&keywords=bags&qid=1685030894&sprefix=ba%2Caps%2C283&sr=8-68,499,4.0 out of 5 stars,39
Half Moon 55 litres Travelling Laptop Bag/Rucksack Backpack for Luggage Travel Journey Trekking Hiking Bags for Men Women Boys and Girls with Laptop Compartment & Rain Cover,https://www.amazon.in/Half-Moon-Travelling-Rucksack-Compartment/dp/B09WDGZ32L/ref=sr_1_69?crid=2M096C61O4MLT&keywords=bags&qid=1685030894&sprefix=ba%2Caps%2C283&sr=8-69,899,4.0 out of 5 stars,432
Lunar's Comet 35L Water Resistant Travel Bagpack/College Backpack/School Bag/Office Bag/Business Backpack/Daypack for Men and Women with 1 Year Warranty,https://www.amazon.in/Lunars-Comet-Resistant-Casual-Backpack/dp/B07WNFN1XS/ref=sr_1_70?crid=2M096C61O4MLT&keywords=bags&qid=1685030894&sprefix=ba%2Caps%2C283&sr=8-70,799,4.0 out of 5 stars,"13,288"
NIVIA Deflate Round 01 Polyester Gym Bag/Unisex Gym Bags/Adjustable Shoulder Bag for Men/Duffle Gym Bags for Men/Carry Gym Accessories/Fitness Bag/Sports &Travel Bag/Gym kit Bag,https://www.amazon.in/Nivia-Deflate-5180BK-Polyester-Round/dp/B07222KX3S/ref=sr_1_71?crid=2M096C61O4MLT&keywords=bags&qid=1685030894&sprefix=ba%2Caps%2C283&sr=8-71,369,4.2 out of 5 stars,"7,546"
"WALKENT Premium 15.6 Inch Large Laptop Bag , Vegan Leather, Waterproof, External USB, Trolley Strap, Cushioned Strap, Scratch Resistant for Men, Women - Ritzy (Large, 28 Ltr, 1 Main Compartment & 7 Pockets)",https://www.amazon.in/Ritzy-Waterproof-Hi-Quality-External-Resistant/dp/B09Q172X7J/ref=sr_1_72?crid=2M096C61O4MLT&keywords=bags&qid=1685030894&sprefix=ba%2Caps%2C283&sr=8-72,"2,990",4.3 out of 5 stars,100
"SFANE Polyester 23 cms Navy Blue Gym Bag, Shoulder Bag, Sports Bag for Men & Women with Separate Shoes Compartment (Blue)",https://www.amazon.in/SFANE-Duffel-Shoulder-Women-Compartment/dp/B07ZC77WTW/ref=sr_1_73?crid=2M096C61O4MLT&keywords=bags&qid=1685030894&sprefix=ba%2Caps%2C283&sr=8-73,437,4.4 out of 5 stars,"2,723"
"FUR JADEN Anti Theft Number Lock Backpack Bag with 15.6 Inch Laptop Compartment, USB Charging Port & Organizer Pocket for Men Women Boys Girls",https://www.amazon.in/Number-Backpack-Compartment-Charging-Organizer/dp/B09VTC876Z/ref=sr_1_74?crid=2M096C61O4MLT&keywords=bags&qid=1685030894&sprefix=ba%2Caps%2C283&sr=8-74,699,4.0 out of 5 stars,"4,022"
"Sfane Polyester 9.05 Black Men & Women Trendy Black Sports Duffle Gym Bag, Shoulder Bag",https://www.amazon.in/Sfane-Women-Trendy-Black-Duffel/dp/B07GCR84D9/ref=sr_1_75?crid=2M096C61O4MLT&keywords=bags&qid=1685030894&sprefix=ba%2Caps%2C283&sr=8-75,325,4.2 out of 5 stars,"1,024"
Kore Regular Gym Bag,https://www.amazon.in/Kore-K-REGULAR-GYM-BAG-Regular-Gym-Bag/dp/B09VLK27NF/ref=sr_1_76?crid=2M096C61O4MLT&keywords=bags&qid=1685030894&sprefix=ba%2Caps%2C283&sr=8-76,59,2.6 out of 5 stars,"1,740"
DZert Kids School Bag Soft Plush Backpacks Cartoon Boys Girls Baby (2-5 Years),https://www.amazon.in/DZert-Kids-Grey-School-Years/dp/B07QD1M3R9/ref=sr_1_77?crid=2M096C61O4MLT&keywords=bags&qid=1685030894&sprefix=ba%2Caps%2C283&sr=8-77,225,3.7 out of 5 stars,"3,097"
"Artistix Talon Anti Theft Design Laptop Backpack, With USB Charging Port (46 Cm, 25L,Black)",https://www.amazon.in/Artistix-Backpack-Anti-Theft-Charging-Resistance/dp/B082PKX18C/ref=sr_1_78?crid=2M096C61O4MLT&keywords=bags&qid=1685030894&sprefix=ba%2Caps%2C283&sr=8-78,999,4.3 out of 5 stars,"3,279"
"Safari Spartan 21 Ltrs Water Resistant Backpack - Blue, S (SPARTAN19CBBLU)",https://www.amazon.in/Safari-Spartan-Water-Resistant-Backpack/dp/B09B26MB5M/ref=sr_1_79?crid=2M096C61O4MLT&keywords=bags&qid=1685030894&sprefix=ba%2Caps%2C283&sr=8-79,599,3.8 out of 5 stars,811
"FATMUG Polyester Foldable Duffle Travel Bag Luggage For Travel, Packing And Storage - Men And Women - (60 L, Black)",https://www.amazon.in/FATMUG-Foldable-Luggage-Packing-Storage/dp/B07YFNXC3H/ref=sr_1_80?crid=2M096C61O4MLT&keywords=bags&qid=1685030894&sprefix=ba%2Caps%2C283&sr=8-80,999,4.2 out of 5 stars,"1,308"
DZert Kids School Bag Soft Plush Backpacks Cartoon Boys Girls Baby (2-5 Years),https://www.amazon.in/DZert-Kids-Grey-School-Years/dp/B07QD1M3R9/ref=sr_1_81?crid=2M096C61O4MLT&keywords=bags&qid=1685030900&sprefix=ba%2Caps%2C283&sr=8-81,225,3.7 out of 5 stars,"3,097"
"DYAZO Water Resistant Camera Bag/Case Shoulder Strap Space for Photography Lens and Accessories Compatible for Nikon, Canon, Sony, Panasonic, Samsung & Other SLR/DSLR etc (Black & Silver)",https://www.amazon.in/Resistant-Photography-Accessories-Compatible-Panasonic/dp/B0BRJLWQ6R/ref=sr_1_82?crid=2M096C61O4MLT&keywords=bags&qid=1685030900&sprefix=ba%2Caps%2C283&sr=8-82,599,4.5 out of 5 stars,201
"Nivia 5227 Pulse Junior Bag, Others (Orange) (Sky Blue)",https://www.amazon.in/Nivia-5227-Pulse-Junior-Others/dp/B08D7QG33Z/ref=sr_1_83?crid=2M096C61O4MLT&keywords=bags&qid=1685030900&sprefix=ba%2Caps%2C283&sr=8-83,294,3.7 out of 5 stars,180
Wildcraft Turnaround Polyester 14 inch 27 Ltrs Blue Laptop Bag (8903340000000),https://www.amazon.in/Wildcraft-Turnaround-Polyester-Laptop-8903340000000/dp/B012D4QWES/ref=sr_1_84?crid=2M096C61O4MLT&keywords=bags&qid=1685030900&sprefix=ba%2Caps%2C283&sr=8-84,"1,797",4.3 out of 5 stars,"3,289"
"FATMUG Polyester Foldable Duffle Travel Bag Luggage For Travel, Packing And Storage - Men And Women - (60 L, Black)",https://www.amazon.in/FATMUG-Foldable-Luggage-Packing-Storage/dp/B07YFNXC3H/ref=sr_1_85?crid=2M096C61O4MLT&keywords=bags&qid=1685030900&sprefix=ba%2Caps%2C283&sr=8-85,999,4.2 out of 5 stars,"1,308"
ADISA 15.6 inch Laptop Backpack Office Bag College Travel Back Pack 32 Ltrs (z-Teal),https://www.amazon.in/ADISA-Laptop-Backpack-Office-College/dp/B09TPVD964/ref=sr_1_86?crid=2M096C61O4MLT&keywords=bags&qid=1685030900&sprefix=ba%2Caps%2C283&sr=8-86,499,3.9 out of 5 stars,801
"Golden Wolf Laptop Bag Anti-theft Backpack with Lock College School Laptop Backpack with Rain Cover Water Resistant Business Backpack with USB Port for 15.6-inch Laptop Office Travel Bag for Men and Women Gifts, Dark Grey",https://www.amazon.in/Hoteon-Backpack-Anti-Theft-Earphone-Resistant/dp/B08HM4TQZZ/ref=sr_1_87?crid=2M096C61O4MLT&keywords=bags&qid=1685030900&sprefix=ba%2Caps%2C283&sr=8-87,"1,946",4.4 out of 5 stars,"3,364"
"SHALIMAR large capacity Travel bag / Storage bag / Move-in bags/ Duffel Bag - Strong, Durable , Foldable and Water Resistant ( Pack of 1 ) ( Blue )",https://www.amazon.in/Shalimar-Capacity-Travel-Storage-Duffel/dp/B09TPHFMX7/ref=sr_1_88?crid=2M096C61O4MLT&keywords=bags&qid=1685030900&sprefix=ba%2Caps%2C283&sr=8-88,259,4.0 out of 5 stars,396
American Tourister Casual Backpack,https://www.amazon.in/American-Tourister-AMT-SCH-BAG02/dp/B07CGLDV2C/ref=sr_1_89?crid=2M096C61O4MLT&keywords=bags&qid=1685030900&sprefix=ba%2Caps%2C283&sr=8-89,"1,249",4.1 out of 5 stars,"15,011"
DZert Clasy Laptop Bag College Bag for Boys Girls 21 L Nevy Blue,https://www.amazon.in/DZert-Girls-Polyester-White-Backpack/dp/B07H1BPCGQ/ref=sr_1_90?crid=2M096C61O4MLT&keywords=bags&qid=1685030900&sprefix=ba%2Caps%2C283&sr=8-90,339,3.8 out of 5 stars,"2,401"
ASTRID Blue Diamond Textured Cotton Tote Bag,https://www.amazon.in/ASTRID-Blue-Diamond-Textured-Cotton/dp/B08W5DQ33D/ref=sr_1_91?crid=2M096C61O4MLT&keywords=bags&qid=1685030900&sprefix=ba%2Caps%2C283&sr=8-91,599,4.3 out of 5 stars,130
Half Moon Strike 35L Unisex Spacious School/Laptop/College/Office Travel Backpack Bag for Men Women Boys & Girls with 15.6 inch Padded Laptop Compartment & Multiple Pockets,https://www.amazon.in/Half-Moon-Resistant-Backpack-Compartment/dp/B0BLVQ9NTD/ref=sr_1_92?crid=2M096C61O4MLT&keywords=bags&qid=1685030900&sprefix=ba%2Caps%2C283&sr=8-92,649,3.8 out of 5 stars,465
Half Moon 30L Water Resistant 15.6 inch Laptop Bag/Backpack for Men | School Bag for Boys Girls | Office Bag pack for Men/Office Back Packed for Women with Padded Laptop Compartment,https://www.amazon.in/Half-Moon-Laptop-Backpack-Polyester/dp/B09CMS3K2S/ref=sr_1_93?crid=2M096C61O4MLT&keywords=bags&qid=1685030900&sprefix=ba%2Caps%2C283&sr=8-93,499,3.7 out of 5 stars,40
Arctic Hunter Backpack Premium Business Backpack for Men Office Travel Laptop Bag with 15.6 Inch Laptop Pocket Water/Scratch-resistant Multiple Pocket Padded College Backpack for Men,https://www.amazon.in/Backpack-Business-Scratch-resistant-Multiple-Comfortable/dp/B0B6FNPN76/ref=sr_1_94?crid=2M096C61O4MLT&keywords=bags&qid=1685030900&sprefix=ba%2Caps%2C283&sr=8-94,"5,699",4.3 out of 5 stars,98
"Amazon Basics - Laptop Backpack/College Bag/Travel Bag for 15.6-inch Laptop, Water-Resistant, Casual",https://www.amazon.in/Amazon-Basics-Professional-Backpack-15-inch-Laptop/dp/B09W4WB3K5/ref=sr_1_95?crid=2M096C61O4MLT&keywords=bags&qid=1685030900&sprefix=ba%2Caps%2C283&sr=8-95,"1,669",3.7 out of 5 stars,18
Bagneeds Men's Black Synthetic Leather Briefcase Best Laptop Messenger Bag Satchel for Men,https://www.amazon.in/Bagneeds-Synthetic-Leather-Briefcase-Messenger/dp/B0855F8174/ref=sr_1_96?crid=2M096C61O4MLT&keywords=bags&qid=1685030900&sprefix=ba%2Caps%2C283&sr=8-96,789,4.1 out of 5 stars,"4,250"
"WILD MODA Women's Shoulder Bag, Set of 1",https://www.amazon.in/WILD-MODA-Womens-Shoulder-Turquoise/dp/B099PLT91X/ref=sr_1_97?crid=2M096C61O4MLT&keywords=bags&qid=1685030905&sprefix=ba%2Caps%2C283&sr=8-97,849,4.2 out of 5 stars,"3,805"
"Safari Spartan 21 Ltrs Water Resistant Backpack - Blue, S (SPARTAN19CBBLU)",https://www.amazon.in/Safari-Spartan-Water-Resistant-Backpack/dp/B09B26MB5M/ref=sr_1_98?crid=2M096C61O4MLT&keywords=bags&qid=1685030905&sprefix=ba%2Caps%2C283&sr=8-98,599,3.8 out of 5 stars,811
"Nivia 5227 Pulse Junior Bag, Others (Orange) (Sky Blue)",https://www.amazon.in/Nivia-5227-Pulse-Junior-Others/dp/B08D7QG33Z/ref=sr_1_99?crid=2M096C61O4MLT&keywords=bags&qid=1685030905&sprefix=ba%2Caps%2C283&sr=8-99,294,3.7 out of 5 stars,180
"FUR JADEN Anti Theft Number Lock Backpack Bag with 15.6 Inch Laptop Compartment, USB Charging Port & Organizer Pocket for Men Women Boys Girls",https://www.amazon.in/Number-Backpack-Compartment-Charging-Organizer/dp/B09VTC876Z/ref=sr_1_100?crid=2M096C61O4MLT&keywords=bags&qid=1685030905&sprefix=ba%2Caps%2C283&sr=8-100,699,4.0 out of 5 stars,"4,022"
NORTH ZONE Casual Waterproof Laptop Backpack/Office Bag/School Bag/College Bag/Business Bag/Travel Backpack (Dimensions:13x18 inches) (Compatible with 39.62cm(15.6inch laptop) 30 L,https://www.amazon.in/NORTH-ZONE-Waterproof-Backpack-Dimensions/dp/B0BS6QM2GD/ref=sr_1_101?crid=2M096C61O4MLT&keywords=bags&qid=1685030905&sprefix=ba%2Caps%2C283&sr=8-101,569,4.0 out of 5 stars,314
Half Moon 30L Water Resistant 15.6 inch Laptop Bag/Backpack for Men | School Bag for Boys Girls | Office Bag pack for Men/Office Back Packed for Women with Padded Laptop Compartment,https://www.amazon.in/Half-Moon-Laptop-Backpack-Polyester/dp/B09CMS3K2S/ref=sr_1_102?crid=2M096C61O4MLT&keywords=bags&qid=1685030905&sprefix=ba%2Caps%2C283&sr=8-102,499,3.7 out of 5 stars,40
"Artistix Talon Anti Theft Design Laptop Backpack, With USB Charging Port (46 Cm, 25L,Black)",https://www.amazon.in/Artistix-Backpack-Anti-Theft-Charging-Resistance/dp/B082PKX18C/ref=sr_1_103?crid=2M096C61O4MLT&keywords=bags&qid=1685030905&sprefix=ba%2Caps%2C283&sr=8-103,999,4.3 out of 5 stars,"3,279"
Martucci 15.6 inch 30 L Casual Waterproof Laptop Backpack/Office Bag/School Bag/College Bag/Business Bag/Unisex Travel Backpack(Black),https://www.amazon.in/Martucci-Casual-Travelling-Laptop-Backpack/dp/B088B4P6ZW/ref=sr_1_104?crid=2M096C61O4MLT&keywords=bags&qid=1685030905&sprefix=ba%2Caps%2C283&sr=8-104,549,3.9 out of 5 stars,"7,494"
DZert Kids School Bag Soft Plush Backpacks Cartoon Boys Girls Baby (2-5 Years),https://www.amazon.in/DZert-Kids-Grey-School-Years/dp/B07QD1M3R9/ref=sr_1_105?crid=2M096C61O4MLT&keywords=bags&qid=1685030905&sprefix=ba%2Caps%2C283&sr=8-105,225,3.7 out of 5 stars,"3,097"
"Amazon Basics - Laptop Backpack/College Bag/Travel Bag for 15.6-inch Laptop, Water-Resistant, Casual",https://www.amazon.in/Amazon-Basics-Professional-Backpack-15-inch-Laptop/dp/B09W4WB3K5/ref=sr_1_106?crid=2M096C61O4MLT&keywords=bags&qid=1685030905&sprefix=ba%2Caps%2C283&sr=8-106,"1,669",3.7 out of 5 stars,18
Half Moon Aztec 37L School Bag Class 5-12 | College Bagpack for Men/College Back pack for Women | 15.6 inch Laptop Bag for Men/Backpack for Men | Spacious & Multiple Pockets,https://www.amazon.in/Half-Moon-Backpack-Spacious-Multiple/dp/B0C23Z9W18/ref=sr_1_107?crid=2M096C61O4MLT&keywords=bags&qid=1685030905&sprefix=ba%2Caps%2C283&sr=8-107,549,4.5 out of 5 stars,14
Okami ZenPack UNO Minimal Laptop Messenger Bag X Briefcase,https://www.amazon.in/Okami-ZenPack-Minimal-Messenger-Briefcase/dp/B0BVZT69JN/ref=sr_1_108?crid=2M096C61O4MLT&keywords=bags&qid=1685030905&sprefix=ba%2Caps%2C283&sr=8-108,"1,999",4.3 out of 5 stars,18
"Palay Waist Bag For Unisex With Adjustable Strap, Waterproof Fanny Pack Stylish Chest Bag Bum Bag With 4-Zipper Pockets For Travel Party Festival Running Hiking",https://www.amazon.in/PALAY%C2%AE-Shoulder-4-Zipper-Pockets-Adjustable/dp/B08SWGFBNT/ref=sr_1_109?crid=2M096C61O4MLT&keywords=bags&qid=1685030905&sprefix=ba%2Caps%2C283&sr=8-109,584,4.4 out of 5 stars,308
Fur Jaden Hiking Camping Rucksack Casual 10 Ltrs Blue Casual Backpack,https://www.amazon.in/Fur-Jaden-Rucksack-Backpack-BM43_Blue/dp/B07PS38XSP/ref=sr_1_110?crid=2M096C61O4MLT&keywords=bags&qid=1685030905&sprefix=ba%2Caps%2C283&sr=8-110,279,3.6 out of 5 stars,"7,776"
"POLESTAR Noble 32 L Bag for College, School, Office, Casual Multipurpose Backpack with 15.6"" Laptop Compartment, Water Resistant, Unisex Design, Stylish & Durable, 1 Year Warranty",https://www.amazon.in/POLESTAR-Casual-bagpack-School-Backpack/dp/B07PQQ8M7B/ref=sr_1_111?crid=2M096C61O4MLT&keywords=bags&qid=1685030905&sprefix=ba%2Caps%2C283&sr=8-111,579,3.9 out of 5 stars,"17,556"
"Bennett Casual Laptop Bag school bags for boys girls 15.6-inch, 25 LTR Office & College bags for mens Water Repellent Backpack for Men & Women (GREY)",https://www.amazon.in/Bennett-15-6-inch-College-Repellent-Backpack/dp/B09WZKHSDR/ref=sr_1_112?crid=2M096C61O4MLT&keywords=bags&qid=1685030905&sprefix=ba%2Caps%2C283&sr=8-112,512,3.9 out of 5 stars,573
ADISA 15.6 inch Laptop Backpack Office Bag College Travel Back Pack 32 Ltrs (z-Teal),https://www.amazon.in/ADISA-Laptop-Backpack-Office-College/dp/B09TPVD964/ref=sr_1_113?crid=2M096C61O4MLT&keywords=bags&qid=1685030911&sprefix=ba%2Caps%2C283&sr=8-113,499,3.9 out of 5 stars,801
Gear Turbo 45L Expandable Water Resistant Antitheft Laptop Bag/Backpack/Briefcase for Men/Women with RainCover (Grey),https://www.amazon.in/Gear-Expandable-RainCover-Grey-Black-TLPTURBO00401/dp/B097KDRZ67/ref=sr_1_114?crid=2M096C61O4MLT&keywords=bags&qid=1685030911&sprefix=ba%2Caps%2C283&sr=8-114,"1,795",4.4 out of 5 stars,932
Impulse rucksack bags 75 litres travel bag for men tourist bag for travel backpack for hiking trekking Bag for men camping thames blue bag with 1 Year Warranty,https://www.amazon.in/Impulse-rucksack-75-backpack-trekking/dp/B09T9XDQ99/ref=sr_1_115?crid=2M096C61O4MLT&keywords=bags&qid=1685030911&sprefix=ba%2Caps%2C283&sr=8-115,"1,244",4.0 out of 5 stars,363
"SACCI MUCCI Women's Rainbow Sling Bag, Handmade Bags for Females - 100% Vegan Leather and Coated Duck canvas Fabric, Lightweight and Durable",https://www.amazon.in/SACCI-MUCCI-Allamanda-Lightweight-SM1-10_magnolia/dp/B09TDNZ88Z/ref=sr_1_116?crid=2M096C61O4MLT&keywords=bags&qid=1685030911&sprefix=ba%2Caps%2C283&sr=8-116,499,4.2 out of 5 stars,786
Asus BP1504 39.62 cm (15.6-inch) Laptop Backpack (Dark Grey),https://www.amazon.in/Asus-BP1504-15-6-inch-Laptop-Backpack/dp/B0895ZZHKK/ref=sr_1_117?crid=2M096C61O4MLT&keywords=bags&qid=1685030911&sprefix=ba%2Caps%2C283&sr=8-117,N/A,4.2 out of 5 stars,"1,624"
DZert Clasy Laptop Bag College Bag for Boys Girls 21 L Blue White,https://www.amazon.in/DZert-School-Polyester-Backpack-White/dp/B07GXYHFCY/ref=sr_1_118?crid=2M096C61O4MLT&keywords=bags&qid=1685030911&sprefix=ba%2Caps%2C283&sr=8-118,299,3.8 out of 5 stars,"2,401"
"TRUE HUMAN® Emperor Anti-Theft backpack with combination lock Laptop bag,office bag for Men and Women | College Bags for Girls & Boys (Zyden)",https://www.amazon.in/TRUE-HUMAN-Anti-Theft-backpack-combination/dp/B09VCHV6T5/ref=sr_1_119?crid=2M096C61O4MLT&keywords=bags&qid=1685030911&sprefix=ba%2Caps%2C283&sr=8-119,649,3.7 out of 5 stars,"1,128"
DZert Clasy Laptop Bag College Bag for Boys Girls 21 L Nevy Blue,https://www.amazon.in/DZert-Girls-Polyester-White-Backpack/dp/B07H1BPCGQ/ref=sr_1_120?crid=2M096C61O4MLT&keywords=bags&qid=1685030911&sprefix=ba%2Caps%2C283&sr=8-120,339,3.8 out of 5 stars,"2,401"
"Vivinkaa Sling Bag for Women, Bags for Women, Sling Bag, Purse for Women, Sling Bag for Women Stylish, Sling Bag for Girls, Women Sling Bag, Bag for Girls - Indigo",https://www.amazon.in/Vivinkaa-Womens-Sling-Bag-Blue/dp/B077WSKG53/ref=sr_1_121?crid=2M096C61O4MLT&keywords=bags&qid=1685030911&sprefix=ba%2Caps%2C283&sr=8-121,549,3.8 out of 5 stars,"1,899"
TRUE HUMAN Anti-Theft and USB charging port backpack with security lock Laptop bag|office bag| for men and women (Grey),https://www.amazon.in/TRUE-HUMAN-Anti-Theft-charging-combination/dp/B09H7PK5ML/ref=sr_1_122?crid=2M096C61O4MLT&keywords=bags&qid=1685030911&sprefix=ba%2Caps%2C283&sr=8-122,585,3.8 out of 5 stars,"1,779"
"POLESTAR Leader 34 L Bag for College, School, Office, Casual Multipurpose Backpack with 15.6"" Laptop Compartment, Water Resistant, Unisex Design, Stylish & Durable, 1 Year Warranty",https://www.amazon.in/POLESTAR-backpack-Backpack-College-Students/dp/B08X2KRL8B/ref=sr_1_123?crid=2M096C61O4MLT&keywords=bags&qid=1685030911&sprefix=ba%2Caps%2C283&sr=8-123,599,4.1 out of 5 stars,"3,485"
American Tourister SPIN LAPTOP BACKPACK 28L POLYESTER TEAL,https://www.amazon.in/American-Tourister-LAPTOP-BACKPACK-POLYESTER/dp/B0BLCC945Z/ref=sr_1_124?crid=2M096C61O4MLT&keywords=bags&qid=1685030911&sprefix=ba%2Caps%2C283&sr=8-124,"1,399",4.1 out of 5 stars,18
LOOKMUSTER Casual Waterproof Laptop Backpack/Office Bag/School Bag/College Bag/Business Bag/Travel Backpack…,https://www.amazon.in/LOOKMUSTER-Waterproof-Backpack-College-Business/dp/B0BS6YGKMC/ref=sr_1_125?crid=2M096C61O4MLT&keywords=bags&qid=1685030911&sprefix=ba%2Caps%2C283&sr=8-125,598,3.9 out of 5 stars,26
"Gizga Essentials Travel Toiletry Kit Bag for Men & Women, Travel Organizer Case with Handle & Hook, Premium Zipper, Multiple Pockets, Multi-Utility Pouch for Shaving Makeup Cosmetics, Light Grey",https://www.amazon.in/Gizga-Essentials-Organizer-Multi-Utility-Cosmetics/dp/B09WVRKYCJ/ref=sr_1_126?crid=2M096C61O4MLT&keywords=bags&qid=1685030911&sprefix=ba%2Caps%2C283&sr=8-126,413,4.3 out of 5 stars,117
Cosmus Vogue Casual Laptop Backpack with USB Charger Port 46cm 26 Litre Dark Grey College Bag,https://www.amazon.in/Cosmus-Casual-Backpack-Charger-College/dp/B08D7DTWLF/ref=sr_1_127?crid=2M096C61O4MLT&keywords=bags&qid=1685030911&sprefix=ba%2Caps%2C283&sr=8-127,"1,328",4.2 out of 5 stars,"1,390"
"COSMUS Madison waterproof Multipurpose Backpack With laptop compartment , 33L",https://www.amazon.in/COSMUS-Multipurpose-Backpack-Bag-compartment/dp/B078JVT384/ref=sr_1_128?crid=2M096C61O4MLT&keywords=bags&qid=1685030911&sprefix=ba%2Caps%2C283&sr=8-128,"1,420",4.2 out of 5 stars,"2,231"
"DYAZO Water Resistant Camera Bag/Case Shoulder Strap Space for Photography Lens and Accessories Compatible for Nikon, Canon, Sony, Panasonic, Samsung & Other SLR/DSLR etc (Black & Silver)",https://www.amazon.in/Resistant-Photography-Accessories-Compatible-Panasonic/dp/B0BRJLWQ6R/ref=sr_1_129?crid=2M096C61O4MLT&keywords=bags&qid=1685030917&sprefix=ba%2Caps%2C283&sr=8-129,599,4.5 out of 5 stars,201
Gear Classic 20L Faux Leather Water Resistant Anti Theft Laptop Bag/Backpack for Men/Women-Tan,https://www.amazon.in/Classic-Leather-Laptop-Backpack-LBPCLSLTH1901/dp/B07G4CYC74/ref=sr_1_130?crid=2M096C61O4MLT&keywords=bags&qid=1685030917&sprefix=ba%2Caps%2C283&sr=8-130,990,4.4 out of 5 stars,"2,419"
ADISA 32L Large Laptop Backpack Office Bag College Travel Back Pack with rain Cover (Navy),https://www.amazon.in/ADISA-Laptop-Backpack-Office-College/dp/B0BPTT2HZY/ref=sr_1_131?crid=2M096C61O4MLT&keywords=bags&qid=1685030917&sprefix=ba%2Caps%2C283&sr=8-131,599,3.8 out of 5 stars,141
ADISA 15.6 inch Laptop Backpack Office Bag College Travel Back Pack 32 Ltrs (z-Black),https://www.amazon.in/ADISA-Laptop-Backpack-College-z-Black/dp/B09TPY1G1W/ref=sr_1_132?crid=2M096C61O4MLT&keywords=bags&qid=1685030917&sprefix=ba%2Caps%2C283&sr=8-132,499,3.9 out of 5 stars,801
"POLESTAR Enzo 15.6 inch 35 LTR Casual Laptop Backpack/Office Bag/School Bag/College Bag/Business Bag/Unisex Backpack, Water Resistant and Light Weight, 1 year Warranty",https://www.amazon.in/Polestar-Liters-Polyester-Casual-Backpack/dp/B09243WY6M/ref=sr_1_133?crid=2M096C61O4MLT&keywords=bags&qid=1685030917&sprefix=ba%2Caps%2C283&sr=8-133,619,4.2 out of 5 stars,"3,870"
TRAWOC 80L Travel Backpack for Outdoor Sport Camp Hiking Trekking Bag Camping Rucksack HK007 (PARENT) 1 Year Warranty,https://www.amazon.in/TRAWOC-Backpack-Trekking-Rucksack-Warranty/dp/B0847PGZZM/ref=sr_1_134?crid=2M096C61O4MLT&keywords=bags&qid=1685030917&sprefix=ba%2Caps%2C283&sr=8-134,"2,332",4.4 out of 5 stars,"7,201"
"American Tourister Sest+ Polyester 2 Compartment Unisex Backpack (Grey,Frsz)",https://www.amazon.in/American-Tourister-Polyester-Compartment-Backpack/dp/B0BWFFFT5H/ref=sr_1_135?crid=2M096C61O4MLT&keywords=bags&qid=1685030917&sprefix=ba%2Caps%2C283&sr=8-135,"1,429",4.1 out of 5 stars,9
"Vivinkaa Sling Bag for Women, Bags for Women, Sling Bag, Purse for Women, Sling Bag for Women Stylish, Sling Bag for Girls, Women Sling Bag, Bag for Girls - Indigo",https://www.amazon.in/Vivinkaa-Womens-Sling-Bag-Blue/dp/B077WSKG53/ref=sr_1_136?crid=2M096C61O4MLT&keywords=bags&qid=1685030917&sprefix=ba%2Caps%2C283&sr=8-136,549,3.8 out of 5 stars,"1,899"
Gear Bounce 27 Ltrs Water Resistant School Bag/Backpack/College Bag for Men/Women-Grey Orange,https://www.amazon.in/Gear-Bounce-Backpack-Grey-Orange-BKPBOUNCE0604/dp/B097KCLF5F/ref=sr_1_137?crid=2M096C61O4MLT&keywords=bags&qid=1685030917&sprefix=ba%2Caps%2C283&sr=8-137,615,3.6 out of 5 stars,422
"Pqwata Gym Bag, Travel Bag Sport Duffel Bag, Large Capacity Portable Foldable, Carry Luggage Bag for Weekender Sports, Vacation for Men Women (Multy Colour)",https://www.amazon.in/Pqwata-Capacity-Portable-Foldable-Weekender/dp/B09YRZ3TLY/ref=sr_1_138?crid=2M096C61O4MLT&keywords=bags&qid=1685030917&sprefix=ba%2Caps%2C283&sr=8-138,799,4.5 out of 5 stars,10
AmazonBasics - Casual Backpack/Office Bag/ for a 15.6-inch Laptop,https://www.amazon.in/AmazonBasics-Casual-Backpack-Office-15-6-inch/dp/B09W4VMZ79/ref=sr_1_139?crid=2M096C61O4MLT&keywords=bags&qid=1685030917&sprefix=ba%2Caps%2C283&sr=8-139,699,4.2 out of 5 stars,533
"MOKOBARA The Work Backpack 15.6"" Inch Laptop | Travel Backpack For Men And Women",https://www.amazon.in/Mokobara-Backpack-Leather-Resistant-Laptop/dp/B0B7X81X69/ref=sr_1_140?crid=2M096C61O4MLT&keywords=bags&qid=1685030917&sprefix=ba%2Caps%2C283&sr=8-140,"7,499",4.5 out of 5 stars,51
F Gear Colorado Grey Orange 39 Ltrs Laptop Backpack (3814),https://www.amazon.in/Gear-Colorado-Orange-Laptop-Backpack/dp/B097K6KD7W/ref=sr_1_141?crid=2M096C61O4MLT&keywords=bags&qid=1685030917&sprefix=ba%2Caps%2C283&sr=8-141,895,4.3 out of 5 stars,156
Wildcraft Work Packs'18 21 Ltrs Black Laptop Backpack (Streak Plus),https://www.amazon.in/Wildcraft-Packs18-Laptop-Backpack-Streak/dp/B07FC4D9B5/ref=sr_1_142?crid=2M096C61O4MLT&keywords=bags&qid=1685030917&sprefix=ba%2Caps%2C283&sr=8-142,"1,549",4.4 out of 5 stars,"1,943"
Impulse rucksack bags 75 litres travel bag for men tourist bag for travel backpack for hiking trekking Bag for men camping thames blue bag with 1 Year Warranty,https://www.amazon.in/Impulse-rucksack-75-backpack-trekking/dp/B09T9XDQ99/ref=sr_1_143?crid=2M096C61O4MLT&keywords=bags&qid=1685030917&sprefix=ba%2Caps%2C283&sr=8-143,"1,244",4.0 out of 5 stars,363
"PAZZO Alto 40L Casual Backpack - 3 Compartment Travel Backpack, College|School Bag with 1 Year Warranty",https://www.amazon.in/PAZZO-Alto-40L-Casual-Backpack/dp/B07VT3F795/ref=sr_1_144?crid=2M096C61O4MLT&keywords=bags&qid=1685030917&sprefix=ba%2Caps%2C283&sr=8-144,849,4.0 out of 5 stars,"1,736"
Half Moon Valex Unisex School Bag/Laptop Backpack/College Bagpack/Office Back Packed | Laptop Bag for Men & Women | School Bags for Boys & Girls with Small Pockets & Laptop Compartment,https://www.amazon.in/Half-Moon-Laptop-Bag-Compartment/dp/B0C1NZLF67/ref=sr_1_145?crid=2M096C61O4MLT&keywords=bags&qid=1685030924&sprefix=ba%2Caps%2C283&sr=8-145,549,4.6 out of 5 stars,15
F Gear Enzo Sports Waist Bag (.Black Blue),https://www.amazon.in/F-Gear-Enzo-Black-Blue-Waist-Bag/dp/B0862LXJYT/ref=sr_1_146?crid=2M096C61O4MLT&keywords=bags&qid=1685030924&sprefix=ba%2Caps%2C283&sr=8-146,148,4.2 out of 5 stars,"1,190"
"MOKOBARA The Work Backpack 15.6"" Inch Laptop | Travel Backpack For Men And Women",https://www.amazon.in/Mokobara-Backpack-Leather-Resistant-Laptop/dp/B0B7X81X69/ref=sr_1_147?crid=2M096C61O4MLT&keywords=bags&qid=1685030924&sprefix=ba%2Caps%2C283&sr=8-147,"7,499",4.5 out of 5 stars,51
"GENIE Miami Casual Backpacks for Women, 14 inch, Stylish and Trendy College backpacks for girls, Water Resistant and Lightweight Mini Bags Latest collection (Rose)",https://www.amazon.in/Genie-Miami-litres-Casual-Backpack/dp/B07SRGQ2R4/ref=sr_1_148?crid=2M096C61O4MLT&keywords=bags&qid=1685030924&sprefix=ba%2Caps%2C283&sr=8-148,749,4.2 out of 5 stars,"2,126"
"Storite Stylish Multi-Pocket Small Sling Cross Body Travel Messenger One Side Shoulder Bag for Men & Women (Brown, 20.5x9x16.5cm)",https://www.amazon.in/Storite-Leather-Sling-Bag-Brown/dp/B08TR8RMNH/ref=sr_1_149?crid=2M096C61O4MLT&keywords=bags&qid=1685030924&sprefix=ba%2Caps%2C283&sr=8-149,798,4.0 out of 5 stars,864
"Nishi Medium Kids Backpack Waterproof Backpack, Girls & Women Stylish Trendy College, School & College Bag Black",https://www.amazon.in/Nishi-Backpack-Waterproof-Stylish-College/dp/B0BR9W54MW/ref=sr_1_150?crid=2M096C61O4MLT&keywords=bags&qid=1685030924&sprefix=ba%2Caps%2C283&sr=8-150,369,3.3 out of 5 stars,24
American Tourister SPIN LAPTOP BACKPACK 28L POLYESTER TEAL,https://www.amazon.in/American-Tourister-LAPTOP-BACKPACK-POLYESTER/dp/B0BLCC945Z/ref=sr_1_151?crid=2M096C61O4MLT&keywords=bags&qid=1685030924&sprefix=ba%2Caps%2C283&sr=8-151,"1,399",4.1 out of 5 stars,18
Gear Classic 20L Faux Leather Water Resistant Anti Theft Laptop Bag/Backpack for Men/Women-Tan,https://www.amazon.in/Classic-Leather-Laptop-Backpack-LBPCLSLTH1901/dp/B07G4CYC74/ref=sr_1_152?crid=2M096C61O4MLT&keywords=bags&qid=1685030924&sprefix=ba%2Caps%2C283&sr=8-152,990,4.4 out of 5 stars,"2,419"
"SPENZ BAGS Travel Laptop Backpack for Women & Men | Fits15.6 Inch Laptop | Flight Approved Carry On Bag, College & School Students Bookbag With Raincover",https://www.amazon.in/SPENZ-BAGS-Backpack-Raincover-Brown/dp/B0C3RN6QSC/ref=sr_1_153?crid=2M096C61O4MLT&keywords=bags&qid=1685030924&sprefix=ba%2Caps%2C283&sr=8-153,849,5.0 out of 5 stars,24
Gear Moderneco5 21L Water Resistant School Bag/Backpack/College Bag For Men/Women - Navyblue,https://www.amazon.in/Gear-Ltrs-Casual-Backpack-MDBKPECO50504/dp/B0757K36YV/ref=sr_1_154?crid=2M096C61O4MLT&keywords=bags&qid=1685030924&sprefix=ba%2Caps%2C283&sr=8-154,420,3.9 out of 5 stars,"2,603"
"POLESTAR Enzo 15.6 inch 35 LTR Casual Laptop Backpack/Office Bag/School Bag/College Bag/Business Bag/Unisex Backpack, Water Resistant and Light Weight, 1 year Warranty",https://www.amazon.in/Polestar-Liters-Polyester-Casual-Backpack/dp/B09243WY6M/ref=sr_1_155?crid=2M096C61O4MLT&keywords=bags&qid=1685030924&sprefix=ba%2Caps%2C283&sr=8-155,619,4.2 out of 5 stars,"3,870"
"Foldable Travel Duffel Bag,Sport Totes,Shoulder Shopping Bag,Luggage Bag,2 Pack (Pink+Blue)",https://www.amazon.in/Foldable-Travel-Shoulder-Shopping-Luggage/dp/B07VCRL9H3/ref=sr_1_156?crid=2M096C61O4MLT&keywords=bags&qid=1685030924&sprefix=ba%2Caps%2C283&sr=8-156,399,3.8 out of 5 stars,495
DZert Kids School Bag Soft Plush Backpacks Cartoon Boys Girls Baby (2-5 Years),https://www.amazon.in/DZert-Fabric-Multicolour-Spiderman-Printed/dp/B07BNS3KNX/ref=sr_1_157?crid=2M096C61O4MLT&keywords=bags&qid=1685030924&sprefix=ba%2Caps%2C283&sr=8-157,239,3.8 out of 5 stars,"1,446"
PLAYY BAGS Large 35 L Laptop Bag/Backpack for Men Women Boys Girls Office School College Teens & Students Navy Blue,https://www.amazon.in/PLAYY-BAGS-Backpack-College-Students/dp/B099N8JRVJ/ref=sr_1_158?crid=2M096C61O4MLT&keywords=bags&qid=1685030924&sprefix=ba%2Caps%2C283&sr=8-158,599,3.4 out of 5 stars,123
Lify Women's Retro Large Size Canvas Shoulder Bag Hobo Crossbody Handbag Casual Tote - 1 Piece,https://www.amazon.in/Lify-Womens-Shoulder-Crossbody-Handbag/dp/B09JWMW646/ref=sr_1_159?crid=2M096C61O4MLT&keywords=bags&qid=1685030924&sprefix=ba%2Caps%2C283&sr=8-159,320,3.8 out of 5 stars,"1,491"
"Lunar's 35 L Laptop Office/School/Travel/Business Backpack Water Proof - Fits Up to 15.6 Inch Laptop Notebook, With Raincover, Inside Organiser and 1 Year Warranty (All)",https://www.amazon.in/Lunars-Router-Resistant-Raincover-Organiser/dp/B08YR63B9M/ref=sr_1_160?crid=2M096C61O4MLT&keywords=bags&qid=1685030924&sprefix=ba%2Caps%2C283&sr=8-160,849,3.8 out of 5 stars,"1,085"
Gear Moderneco5 21L Water Resistant School Bag/Backpack/College Bag For Men/Women - Navyblue,https://www.amazon.in/Gear-Ltrs-Casual-Backpack-MDBKPECO50504/dp/B0757K36YV/ref=sr_1_161?crid=2M096C61O4MLT&keywords=bags&qid=1685030930&sprefix=ba%2Caps%2C283&sr=8-161,420,3.9 out of 5 stars,"2,603"
Fur Jaden Hiking Camping Rucksack Casual 10 Ltrs Blue Casual Backpack,https://www.amazon.in/Fur-Jaden-Rucksack-Backpack-BM43_Blue/dp/B07PS38XSP/ref=sr_1_162?crid=2M096C61O4MLT&keywords=bags&qid=1685030930&sprefix=ba%2Caps%2C283&sr=8-162,279,3.6 out of 5 stars,"7,776"
"F Gear Blow Laptop Backpack With Rain Cover 32 Liters (Black,Grey) Sch Bag",https://www.amazon.in/F-Gear-Blow-Laptop-Backpack/dp/B078J63VRY/ref=sr_1_163?crid=2M096C61O4MLT&keywords=bags&qid=1685030930&sprefix=ba%2Caps%2C283&sr=8-163,"1,099",4.3 out of 5 stars,"1,276"
ASTRID Women's Round Sling Bag with Pompoms (Brown),https://www.amazon.in/ASTRID-Womens-Round-Sling-Pompoms/dp/B08VS8JBNK/ref=sr_1_164?crid=2M096C61O4MLT&keywords=bags&qid=1685030930&sprefix=ba%2Caps%2C283&sr=8-164,499,4.4 out of 5 stars,429
"Red Lemon Swiss Cut Design 15.6 Inch Smart Laptop Backpack Bag With USB Charging Port, Anti Theft Pocket and Accessories Organiser for Men Women Boys Girls",https://www.amazon.in/Red-Lemon-Backpack-Accessories-Organiser/dp/B0C2KRH268/ref=sr_1_165?crid=2M096C61O4MLT&keywords=bags&qid=1685030930&sprefix=ba%2Caps%2C283&sr=8-165,"1,899",4.4 out of 5 stars,894
American Tourister SPIN LAPTOP BACKPACK 28L POLYESTER TEAL,https://www.amazon.in/American-Tourister-LAPTOP-BACKPACK-POLYESTER/dp/B0BLCC945Z/ref=sr_1_166?crid=2M096C61O4MLT&keywords=bags&qid=1685030930&sprefix=ba%2Caps%2C283&sr=8-166,"1,399",4.1 out of 5 stars,18
Gear Turbo 45L Expandable Water Resistant Antitheft Laptop Bag/Backpack/Briefcase for Men/Women with RainCover (Grey),https://www.amazon.in/Gear-Expandable-RainCover-Grey-Black-TLPTURBO00401/dp/B097KDRZ67/ref=sr_1_167?crid=2M096C61O4MLT&keywords=bags&qid=1685030930&sprefix=ba%2Caps%2C283&sr=8-167,"1,795",4.4 out of 5 stars,932
"BEAUTY GIRLS 1531 Polyester Waterproof 30 L Floral Printed School, College Tuition Laptop Backpack Bag for Girls & Women",https://www.amazon.in/BEAUTY-GIRLS-1531-Pink-Waterproof-Backpack/dp/B08YR3JJ64/ref=sr_1_168?crid=2M096C61O4MLT&keywords=bags&qid=1685030930&sprefix=ba%2Caps%2C283&sr=8-168,849,4.2 out of 5 stars,"1,469"
F Gear Sniper Lite V2 30 Liters Black Laptop Backpack,https://www.amazon.in/F-Gear-Sniper-Lite-V2-Black-Backpack/dp/B015FANZ7E/ref=sr_1_169?crid=2M096C61O4MLT&keywords=bags&qid=1685030930&sprefix=ba%2Caps%2C283&sr=8-169,999,4.3 out of 5 stars,"4,992"
F Gear Enzo Sports Waist Bag (.Black Blue),https://www.amazon.in/F-Gear-Enzo-Black-Blue-Waist-Bag/dp/B0862LXJYT/ref=sr_1_170?crid=2M096C61O4MLT&keywords=bags&qid=1685030930&sprefix=ba%2Caps%2C283&sr=8-170,148,4.2 out of 5 stars,"1,190"
Cosmus Vogue Casual Laptop Backpack with USB Charger Port 46cm 26 Litre Dark Grey College Bag,https://www.amazon.in/Cosmus-Casual-Backpack-Charger-College/dp/B08D7DTWLF/ref=sr_1_171?crid=2M096C61O4MLT&keywords=bags&qid=1685030930&sprefix=ba%2Caps%2C283&sr=8-171,"1,328",4.2 out of 5 stars,"1,390"
American Tourister Spin 49 cms Navy Laptop Backpack,https://www.amazon.in/American-Tourister-FS0-41-002/dp/B07S13B1HR/ref=sr_1_172?crid=2M096C61O4MLT&keywords=bags&qid=1685030930&sprefix=ba%2Caps%2C283&sr=8-172,"1,400",4.1 out of 5 stars,"1,168"
Wooum Water Resistant Material Sling Bag/One Side Bag/Shoulder Bag/Messenger Bag/Office Messenger Bag/Travel Side Bag with 14.1 Inch Laptop Compartment -,https://www.amazon.in/Wooum-Resistant-Material-Messenger-Compartment/dp/B09KV7Y3KL/ref=sr_1_173?crid=2M096C61O4MLT&keywords=bags&qid=1685030930&sprefix=ba%2Caps%2C283&sr=8-173,474,4.0 out of 5 stars,261
HEROZ Hammer Unisex Nylon 45 L Travel Laptop Backpack Water Resistant Slim Durable Fits Up to 17.3 Inch Laptop Notebook (All) (Grey & Black),https://www.amazon.in/HEROZ-Hammer-Durable-Travel-Laptop/dp/B07MGDFT9C/ref=sr_1_174?crid=2M096C61O4MLT&keywords=bags&qid=1685030930&sprefix=ba%2Caps%2C283&sr=8-174,"1,499",4.3 out of 5 stars,"7,877"
Gear ECO 1 Black Orange Red Laptop Backpack,https://www.amazon.in/Gear-Polyester-Laptop-Backpack-LBPECO1000109/dp/B012NW1H1I/ref=sr_1_175?crid=2M096C61O4MLT&keywords=bags&qid=1685030930&sprefix=ba%2Caps%2C283&sr=8-175,852,4.3 out of 5 stars,"1,379"
"TRUE HUMAN® Emperor Anti-Theft Pocket backpack With USB charging Port Laptop,office,college,travel bag for men and women(Epower)",https://www.amazon.in/TRUE-Anti-Theft-backpack-charging-Epower_B/dp/B0BYBDX8VP/ref=sr_1_176?crid=2M096C61O4MLT&keywords=bags&qid=1685030930&sprefix=ba%2Caps%2C283&sr=8-176,649,3.3 out of 5 stars,15
"House of Quirk Clear Toiletry Bag, Wash Make Up Bag PVC Waterproof Zippered Cosmetic Bag, Portable Carry Pouch for Women Men (Set of 3 Bag Black)",https://www.amazon.in/House-Quirk-Toiletry-Waterproof-Zippered/dp/B09G364GX5/ref=sr_1_177?crid=2M096C61O4MLT&keywords=bags&qid=1685030935&sprefix=ba%2Caps%2C283&sr=8-177,475,4.4 out of 5 stars,515
Beauty Girls-1518 Polyester Floral printed Designer Stylish Waterproof School/Collage/Picknic Bag-Backpack For Girls & Women (32 Lit),https://www.amazon.in/Girls-1518-Polyester-Designer-Waterproof-Bag-Backpack/dp/B08F9QYRZB/ref=sr_1_178?crid=2M096C61O4MLT&keywords=bags&qid=1685030935&sprefix=ba%2Caps%2C283&sr=8-178,798,4.4 out of 5 stars,"1,067"
"Hammonds Flycatcher Genuine Leather Laptop Bag for Men/Office Bag for Men, Brown | Fits Upto 16 Inch Laptop/MacBook | Leather Bag with Shoulder Straps | Laptop Messenger Bag/Leather Bag for Men",https://www.amazon.in/Hammonds-Flycatcher-Brown-Mens-Laptop/dp/B01LYDRI9V/ref=sr_1_179?crid=2M096C61O4MLT&keywords=bags&qid=1685030935&sprefix=ba%2Caps%2C283&sr=8-179,"2,899",4.4 out of 5 stars,"2,412"
"PAZZO Alto 40L Casual Backpack - 3 Compartment Travel Backpack, College|School Bag with 1 Year Warranty",https://www.amazon.in/PAZZO-Alto-40L-Casual-Backpack/dp/B07VT3F795/ref=sr_1_180?crid=2M096C61O4MLT&keywords=bags&qid=1685030935&sprefix=ba%2Caps%2C283&sr=8-180,849,4.0 out of 5 stars,"1,736"
"Wearslim Gym Bag, Sports Edition PU Leather Gym Duffel Bag, Crossbody Bag, Gym Yoga Bag, Travel Shoulder Bag for Men and Women - Black",https://www.amazon.in/Wearslim-Sports-Leather-Crossbody-Shoulder/dp/B096B9SZWN/ref=sr_1_181?crid=2M096C61O4MLT&keywords=bags&qid=1685030935&sprefix=ba%2Caps%2C283&sr=8-181,299,5.0 out of 5 stars,1
"Genie Flamenco Laptop Backpack for Women, 16 inches Office Bag, Sky Blue Stylish and Trendy Bag for Office and College",https://www.amazon.in/Genie-Flamenco2-Backpack-Compatible-Resistant/dp/B08YF1XJXY/ref=sr_1_182?crid=2M096C61O4MLT&keywords=bags&qid=1685030935&sprefix=ba%2Caps%2C283&sr=8-182,799,4.4 out of 5 stars,"2,993"
"Bennett 15.6 inch Laptop Bag Men/Women, 25 L Water Resistant School/College Backpack with Padded Laptop Compartment for Apple/Dell/Lenovo/Asus/Hp/Mi/MacBook/Ultrabook/Thinkpad/Ideapad (Blue)",https://www.amazon.in/Bennett-15-6-inch-Repellent-Backpack-ben_cas_blue/dp/B09WZKB54G/ref=sr_1_183?crid=2M096C61O4MLT&keywords=bags&qid=1685030935&sprefix=ba%2Caps%2C283&sr=8-183,512,3.9 out of 5 stars,573
Lino Perros Women Shoulder Bag,https://www.amazon.in/Lino-Perros-yellow-shoulder-WHITE/dp/B09MRY9BQ7/ref=sr_1_184?crid=2M096C61O4MLT&keywords=bags&qid=1685030935&sprefix=ba%2Caps%2C283&sr=8-184,978,4.2 out of 5 stars,334
WildHorn® Leather 8.5 inch Sling Messenger Bag for Men I Multipurpose Crossbody Bag I Travel Bag with Adjustable Strap I DIMENSION: L- 8.5inch H- 10.5inch W- 3inch,https://www.amazon.in/WildHorn-Leather-Messenger-MB205-Hunter/dp/B0795WK59N/ref=sr_1_185?crid=2M096C61O4MLT&keywords=bags&qid=1685030935&sprefix=ba%2Caps%2C283&sr=8-185,"1,919",4.1 out of 5 stars,747
"Amazon Brand - Solimo Rain & Dust Cover for Backpack (30 Litres, Black)",https://www.amazon.in/Amazon-Brand-Solimo-Backpack-litres/dp/B07FQMN9VN/ref=sr_1_186?crid=2M096C61O4MLT&keywords=bags&qid=1685030935&sprefix=ba%2Caps%2C283&sr=8-186,209,4.2 out of 5 stars,"8,468"
Gear DOUBLE DECKER 31L Water Resistant Laptop Bag/Backpack/Office Bag for Men/Women (Navy-Tan),https://www.amazon.in/Gear-DOUBLE-Resistant-Backpack-Navy-Tan/dp/B0BTJ2T26W/ref=sr_1_187?crid=2M096C61O4MLT&keywords=bags&qid=1685030935&sprefix=ba%2Caps%2C283&sr=8-187,"1,482",4.0 out of 5 stars,1
Half Moon Valex Unisex School Bag/Laptop Backpack/College Bagpack/Office Back Packed | Laptop Bag for Men & Women | School Bags for Boys & Girls with Small Pockets & Laptop Compartment,https://www.amazon.in/Half-Moon-Laptop-Bag-Compartment/dp/B0C1NZLF67/ref=sr_1_188?crid=2M096C61O4MLT&keywords=bags&qid=1685030935&sprefix=ba%2Caps%2C283&sr=8-188,549,4.6 out of 5 stars,15
"ah arctic hunter Laptop Bag,Messenger Bags For Men And Women Laptop Sling Bag With Handle Water-resistant Laptop Briefcase For 15.6 Inch Laptop Multiple Pockets Travel Office For Men.Black",https://www.amazon.in/Messenger-Water-resistant-Briefcase-Multiple-Men-Black/dp/B0B6G58BYC/ref=sr_1_189?crid=2M096C61O4MLT&keywords=bags&qid=1685030935&sprefix=ba%2Caps%2C283&sr=8-189,"2,849",4.5 out of 5 stars,72
ASIAN Sling Bag for Women - Handmade Bags for Females - Jute and Indian Fabric Slings - Side Bags for Mobile Phones and Wallets (Black),https://www.amazon.in/ASIAN-Sling-Bag-women-Handmade/dp/B09SXRZ7FW/ref=sr_1_190?crid=2M096C61O4MLT&keywords=bags&qid=1685030935&sprefix=ba%2Caps%2C283&sr=8-190,224,3.6 out of 5 stars,86
30 L Waterproof Laptop/College/School/Office Bag Backpack for Men Women Boys Girls with Rain Cover (Navy_Blue),https://www.amazon.in/Waterproof-Laptop-College-Backpack-Navy_Blue/dp/B0BW9GWPYH/ref=sr_1_191?crid=2M096C61O4MLT&keywords=bags&qid=1685030935&sprefix=ba%2Caps%2C283&sr=8-191,499,5.0 out of 5 stars,1
"Storite Nylon 40 Cm Imported Travel Duffle Bag, Expandable Folding Travel Bag for Women, Lightweight Waterproof Carry Weekender Overnight Luggage Bag for Travel (Pink, 40 x 23 x 45 Cm)",https://www.amazon.in/Storite-Travel-Bag-Lightweight-Waterproof/dp/B0B24Z8KBV/ref=sr_1_192?crid=2M096C61O4MLT&keywords=bags&qid=1685030935&sprefix=ba%2Caps%2C283&sr=8-192,998,4.1 out of 5 stars,653
Half Moon 34 L Water Resistant 15.6 inch Laptop Bag/Backpack for Men Women Boys Girls/Office School College with Padded Laptop Compartment (Grey),https://www.amazon.in/Half-Moon-Waterproof-Backpack-Grey/dp/B09688CSCZ/ref=sr_1_193?crid=2M096C61O4MLT&keywords=bags&qid=1685030941&sprefix=ba%2Caps%2C283&sr=8-193,599,3.9 out of 5 stars,"1,293"
Wildcraft 44 cms Polyester Black Laptop Bag (8903338054290),https://www.amazon.in/Wildcraft-Polyester-Black-Laptop-8903338054290/dp/B012D4QKHW/ref=sr_1_194?crid=2M096C61O4MLT&keywords=bags&qid=1685030941&sprefix=ba%2Caps%2C283&sr=8-194,"1,589",4.3 out of 5 stars,652
Martucci Jersey 45L Casual Waterproof Laptop Backpack/Office Bag/School Bag/College Bag/Business Bag/Unisex Travel Backpack,https://www.amazon.in/Martucci-Waterproof-Backpack-College-Business/dp/B0BRJRVH6D/ref=sr_1_195?crid=2M096C61O4MLT&keywords=bags&qid=1685030941&sprefix=ba%2Caps%2C283&sr=8-195,809,3.7 out of 5 stars,47
FUR JADEN Vegan Leather 30L 15.6 Inch Laptop Backpack for Men Women for Office Professionals and College Students,https://www.amazon.in/Fur-Jaden-resistant-Backpack-BM100_Brown/dp/B07P5X6NSN/ref=sr_1_196?crid=2M096C61O4MLT&keywords=bags&qid=1685030941&sprefix=ba%2Caps%2C283&sr=8-196,899,4.2 out of 5 stars,"2,291"
Amazon Basics 20 ltrs Casual/Travel/College Backpack for 15.6-inch Laptop | Water Resistant Fabric,https://www.amazon.in/Amazon-Basics-Casual-Backpack-15-6-inch/dp/B09W4WJ1CB/ref=sr_1_197?crid=2M096C61O4MLT&keywords=bags&qid=1685030941&sprefix=ba%2Caps%2C283&sr=8-197,459,4.2 out of 5 stars,533
Wooum Sling Cross Body Bag/One Side Bag/Shoulder Bag/Office Business Messenger Bag/Money Bag for Men and Women - Water Resisitance,https://www.amazon.in/Wooum-Resisitance-Shoulder-Business-Messenger/dp/B0993Q72WD/ref=sr_1_198?crid=2M096C61O4MLT&keywords=bags&qid=1685030941&sprefix=ba%2Caps%2C283&sr=8-198,328,4.0 out of 5 stars,660
"Genie Flamenco Laptop Backpack for Women, 16 inches Office Bag, Sky Blue Stylish and Trendy Bag for Office and College",https://www.amazon.in/Genie-Flamenco2-Backpack-Compatible-Resistant/dp/B08YF1XJXY/ref=sr_1_199?crid=2M096C61O4MLT&keywords=bags&qid=1685030941&sprefix=ba%2Caps%2C283&sr=8-199,799,4.4 out of 5 stars,"2,993"
PLAYY BAGS Large 35 L Laptop Bag/Backpack for Men Women Boys Girls Office School College Teens & Students Navy Blue,https://www.amazon.in/PLAYY-BAGS-Backpack-College-Students/dp/B099N8JRVJ/ref=sr_1_200?crid=2M096C61O4MLT&keywords=bags&qid=1685030941&sprefix=ba%2Caps%2C283&sr=8-200,599,3.4 out of 5 stars,123
Wildcraft Casual backpack 45L (12956),https://www.amazon.in/Wildcraft-Casual-backpack-45L-12956/dp/B0BZVCHKTD/ref=sr_1_201?crid=2M096C61O4MLT&keywords=bags&qid=1685030941&sprefix=ba%2Caps%2C283&sr=8-201,"1,548",4.5 out of 5 stars,2
motherly Diaper Bags for Mom Travel Basic Edition (Navy Blue),https://www.amazon.in/Motherly-Diaper-Bags-Travel-Basic/dp/B07PKQ3WJZ/ref=sr_1_202?crid=2M096C61O4MLT&keywords=bags&qid=1685030941&sprefix=ba%2Caps%2C283&sr=8-202,"1,549",4.5 out of 5 stars,"2,480"
"Mi Step Out 12 L Mini Backpack (Small Size, Red, Water Repellant)",https://www.amazon.in/Step-Backpack-Small-Water-Repellant/dp/B088XG77KN/ref=sr_1_203?crid=2M096C61O4MLT&keywords=bags&qid=1685030941&sprefix=ba%2Caps%2C283&sr=8-203,369,4.1 out of 5 stars,"8,997"
ASTRID Women's 17'' Black and White Textured Laptop Bag With Accessory Pouch,https://www.amazon.in/ASTRID-Black-Textured-Laptop-Accessory/dp/B09Z2G37YY/ref=sr_1_204?crid=2M096C61O4MLT&keywords=bags&qid=1685030941&sprefix=ba%2Caps%2C283&sr=8-204,999,4.1 out of 5 stars,113
DAHSHA Stylish Nylon Sling Cross Body Travel Bag for Business Office Messenger One Side Shoulder Carry Handbag Bag For Men & Women (35X18x25 CM-grey),https://www.amazon.in/DAHSHA-Multipurpose-Travel-Duffel-13X7x11-inch/dp/B07GCLJTZF/ref=sr_1_205?crid=2M096C61O4MLT&keywords=bags&qid=1685030941&sprefix=ba%2Caps%2C283&sr=8-205,694,3.9 out of 5 stars,392
"URBAN TRIBE Havana Backpack for Men & Women | Laptop Bag 15.6 inch | Office Work/Casual/College Bag | Black, 27L",https://www.amazon.in/Urban-Tribe-Laptop-Backpack-Havana/dp/B01LXNNFDF/ref=sr_1_206?crid=2M096C61O4MLT&keywords=bags&qid=1685030941&sprefix=ba%2Caps%2C283&sr=8-206,858,3.9 out of 5 stars,754
Wildcraft Nylon 18 Inch Black Travel Duffle (Frisbee 2_Black),https://www.amazon.in/Wildcraft-Travel-Duffle-Frisbee-2_Black/dp/B019DWDO9Y/ref=sr_1_207?crid=2M096C61O4MLT&keywords=bags&qid=1685030941&sprefix=ba%2Caps%2C283&sr=8-207,990,4.1 out of 5 stars,156
"Luv Lap LuvLap Baby Breast Milk Storage Bags (Pack of 25), BPA Free Disposable Milk Freezer Bags for Breast Feeding, Transparent",https://www.amazon.in/Storage-Disposable-Freezer-Feeding-Transparent/dp/B099ZZ57FT/ref=sr_1_208?crid=2M096C61O4MLT&keywords=bags&qid=1685030941&sprefix=ba%2Caps%2C283&sr=8-208,319,4.4 out of 5 stars,640
Lino Perros womens handbag,https://www.amazon.in/Lino-Perros-Womens-Tote-Black/dp/B07JMWQCYF/ref=sr_1_209?crid=2M096C61O4MLT&keywords=bags&qid=1685030946&sprefix=ba%2Caps%2C283&sr=8-209,"1,038",4.1 out of 5 stars,"3,271"
Gear DOUBLE DECKER 31L Water Resistant Laptop Bag/Backpack/Office Bag for Men/Women (Navy-Tan),https://www.amazon.in/Gear-DOUBLE-Resistant-Backpack-Navy-Tan/dp/B0BTJ2T26W/ref=sr_1_210?crid=2M096C61O4MLT&keywords=bags&qid=1685030946&sprefix=ba%2Caps%2C283&sr=8-210,"1,482",4.0 out of 5 stars,1
"ANNACREATIONS Stylish Mermaid Duffle Sports Dance Gymnastics Sports Gym Bag, Kids Travel Bag for Girls (Style 3)",https://www.amazon.in/ANNACREATIONS-Stylish-Mermaid-Duffle-Gymnastics/dp/B0BMGK1L2X/ref=sr_1_211?crid=2M096C61O4MLT&keywords=bags&qid=1685030946&sprefix=ba%2Caps%2C283&sr=8-211,375,4.5 out of 5 stars,20
"F Gear Blow Laptop Backpack With Rain Cover 32 Liters (Red,Grey) Sch Bag",https://www.amazon.in/F-Gear-Blow-Laptop-Backpack-Red/dp/B0749MPCFT/ref=sr_1_212?crid=2M096C61O4MLT&keywords=bags&qid=1685030946&sprefix=ba%2Caps%2C283&sr=8-212,"1,014",4.4 out of 5 stars,285
Aristrocrat Unisex Laptop Bag Grey,https://www.amazon.in/Aristocrat-Zeal-Unisex-Grey-Laptop/dp/B0B5YHC1W5/ref=sr_1_213?crid=2M096C61O4MLT&keywords=bags&qid=1685030946&sprefix=ba%2Caps%2C283&sr=8-213,799,4.4 out of 5 stars,24
Wooum Sling Cross Body Bag/One Side Bag/Shoulder Bag/Office Business Messenger Bag/Money Bag for Men and Women - Water Resisitance,https://www.amazon.in/Wooum-Resisitance-Shoulder-Business-Messenger/dp/B0993Q72WD/ref=sr_1_214?crid=2M096C61O4MLT&keywords=bags&qid=1685030946&sprefix=ba%2Caps%2C283&sr=8-214,328,4.0 out of 5 stars,660
URBAN WOLF 30L Casual Dual Compartment Water Resistant Laptop Backpack Unisex Bags for Office/Travel/Business/College/School (Black),https://www.amazon.in/Business-Casual-Compartment-Resistant-Backpack/dp/B08N6HSJJ5/ref=sr_1_215?crid=2M096C61O4MLT&keywords=bags&qid=1685030946&sprefix=ba%2Caps%2C283&sr=8-215,719,4.0 out of 5 stars,954
"DERBEN CLOVE® 15.6 Men and Women Laptop, MacBook Shoulder Messenger Sling Office Bag - Grey",https://www.amazon.in/Derben-Fabric-Leather-Laptop-Messenger/dp/B08TVL3MWJ/ref=sr_1_216?crid=2M096C61O4MLT&keywords=bags&qid=1685030946&sprefix=ba%2Caps%2C283&sr=8-216,899,4.1 out of 5 stars,144
Aashiya Trades Pink Unicorn bagpack Fashion School Backpack Girls Bookbag Set Student Laptop Backpack College going bag with lunch bag and pouch,https://www.amazon.in/Aashiya-Trades-Unicorn-bagpack-Backpack/dp/B0C4TXFXJW/ref=sr_1_217?crid=2M096C61O4MLT&keywords=bags&qid=1685030946&sprefix=ba%2Caps%2C283&sr=8-217,820,N/A,M.R.P:
"Space full School And Laptop Bag,For Man & Women College/Office/Traveling In Red & Grey Color Pack Of 1",https://www.amazon.in/School-Laptop-College-Office-Traveling/dp/B0BL7HMWVZ/ref=sr_1_218?crid=2M096C61O4MLT&keywords=bags&qid=1685030946&sprefix=ba%2Caps%2C283&sr=8-218,399,4.5 out of 5 stars,2
Lino Perros Women Handbag,https://www.amazon.in/Lino-Perros-Womens-Handbag-Black/dp/B07L4PQJ42/ref=sr_1_219?crid=2M096C61O4MLT&keywords=bags&qid=1685030946&sprefix=ba%2Caps%2C283&sr=8-219,"1,438",4.3 out of 5 stars,"2,641"
ADISA 32L Large Laptop Backpack Office Bag College Travel Back Pack with rain Cover (Navy),https://www.amazon.in/ADISA-Laptop-Backpack-Office-College/dp/B0BVRJYD9Q/ref=sr_1_220?crid=2M096C61O4MLT&keywords=bags&qid=1685030946&sprefix=ba%2Caps%2C283&sr=8-220,599,4.0 out of 5 stars,22
Red Lemon Arctic Hunter Mens Small Sling Bag Chest Bag Shoulder Bag Mobile Bag Side Bag with Earphone Port Water Resistant for Everyday Use Small Items and Small Electronic Product (Black),https://www.amazon.in/Red-Lemon-Shoulder-Resistant-Electronic/dp/B0BT82BKCN/ref=sr_1_221?crid=2M096C61O4MLT&keywords=bags&qid=1685030946&sprefix=ba%2Caps%2C283&sr=8-221,"1,299",3.6 out of 5 stars,6
high power Laptop Bag College office school bags Backpacks for Boys Girls Stylish men and women Casual Traveling Light weight (Black) 30 LTR,https://www.amazon.in/high-power-College-Backpacks-Traveling/dp/B0BKLVXZRX/ref=sr_1_222?crid=2M096C61O4MLT&keywords=bags&qid=1685030946&sprefix=ba%2Caps%2C283&sr=8-222,625,3.3 out of 5 stars,27
Arctic Fox 27 Liters Chrome Black 15 Inch Laptop Backpack,https://www.amazon.in/Arctic-Fox-Liters-Chrome-Backpack/dp/B08DD7S67G/ref=sr_1_223?crid=2M096C61O4MLT&keywords=bags&qid=1685030946&sprefix=ba%2Caps%2C283&sr=8-223,"1,599",4.5 out of 5 stars,45
F Gear Milestone Olive Casual 20 Ltrs Laptop Backpack (3376),https://www.amazon.in/F-Gear-Milestone-Casual-Laptop-Backpack/dp/B08FX1R6WY/ref=sr_1_224?crid=2M096C61O4MLT&keywords=bags&qid=1685030946&sprefix=ba%2Caps%2C283&sr=8-224,"1,155",4.0 out of 5 stars,745
Wooum Laptop Bag Laptop Backpack with 15.6 Inch Padded Compartment - Water Resistance Light Weight (RedZip),https://www.amazon.in/Backpack-Fashion-Student-Business-Black-RedZip/dp/B08R7N1N1W/ref=sr_1_225?crid=2M096C61O4MLT&keywords=bags&qid=1685030952&sprefix=ba%2Caps%2C283&sr=8-225,398,3.9 out of 5 stars,461
SKYBAGS Campus Grey Logo Print College Laptop Backpack 30L,https://www.amazon.in/SKYBAGS-Campus-College-Laptop-Backpack/dp/B084258ZD8/ref=sr_1_226?crid=2M096C61O4MLT&keywords=bags&qid=1685030952&sprefix=ba%2Caps%2C283&sr=8-226,"1,899",4.2 out of 5 stars,291
WILDHORN Laptop Backpack for Men/Women I Waterproof I Travel/Business/College Bookbags Fit 15.6 Inch Laptop,https://www.amazon.in/WILDHORN-Backpack-Compartment-Business-College/dp/B09Q63JWCH/ref=sr_1_227?crid=2M096C61O4MLT&keywords=bags&qid=1685030952&sprefix=ba%2Caps%2C283&sr=8-227,764,4.0 out of 5 stars,129
"EVRUM Sling Bag For Men CrossBody Backpack For Men Women, Anti-Theft Chest Bag With USB Charging Port, Waterproof Casual Shoulder Bag Travel Hiking Sling Backpack Carbon Fiber",https://www.amazon.in/EVRUM-Business-Protection-Crossbody-Waterproof/dp/B0BX6VKQ35/ref=sr_1_228?crid=2M096C61O4MLT&keywords=bags&qid=1685030952&sprefix=ba%2Caps%2C283&sr=8-228,"1,619",4.9 out of 5 stars,70
Tommy Hilfiger Emanuel Unisex Polyester 15 Inch Laptop Backpack Navy,https://www.amazon.in/Tommy-Hilfiger-Emanuel-Polyester-Backpack/dp/B0BDSGTJX3/ref=sr_1_229?crid=2M096C61O4MLT&keywords=bags&qid=1685030952&sprefix=ba%2Caps%2C283&sr=8-229,"1,850",4.6 out of 5 stars,3
"SPENZ BAGS Travel Laptop Backpack for Women & Men | Fits15.6 Inch Laptop | Flight Approved Carry On Bag, College & School Students Bookbag With Raincover",https://www.amazon.in/SPENZ-BAGS-Backpack-Raincover-Brown/dp/B0C3RN6QSC/ref=sr_1_230?crid=2M096C61O4MLT&keywords=bags&qid=1685030952&sprefix=ba%2Caps%2C283&sr=8-230,849,5.0 out of 5 stars,24
American Tourister SPIN LAPTOP BACKPACK 28L POLYESTER BLACK,https://www.amazon.in/American-Tourister-LAPTOP-BACKPACK-POLYESTER/dp/B0BLCXMTZ7/ref=sr_1_231?crid=2M096C61O4MLT&keywords=bags&qid=1685030952&sprefix=ba%2Caps%2C283&sr=8-231,"1,399",2.8 out of 5 stars,15
Birthday Popper Drawstring Sack Bag (Set of 15) Birthday Return Gifts for All Age Group,https://www.amazon.in/Birthday-Popper-Unicorn-Drawstring-Return/dp/B097FSPNCS/ref=sr_1_232?crid=2M096C61O4MLT&keywords=bags&qid=1685030952&sprefix=ba%2Caps%2C283&sr=8-232,599,4.0 out of 5 stars,795
"Puma Unisex-Adult Big Cat Backpack, Fizzy Apple (9018404)",https://www.amazon.in/Puma-Unisex-Adult-Backpack-Fizzy-9018404/dp/B0BWF2BNBP/ref=sr_1_233?crid=2M096C61O4MLT&keywords=bags&qid=1685030952&sprefix=ba%2Caps%2C283&sr=8-233,999,N/A,M.R.P:
PUMA Laptop Backpack IND II Black-CASTLEROCK,https://www.amazon.in/PUMA-Laptop-Backpack-IND-Black-CASTLEROCK/dp/B08BV2S9K1/ref=sr_1_234?crid=2M096C61O4MLT&keywords=bags&qid=1685030952&sprefix=ba%2Caps%2C283&sr=8-234,"1,149",4.0 out of 5 stars,72
URBAN WOLF 30L Casual Dual Compartment Water Resistant Laptop Backpack Unisex Bags for Office/Travel/Business/College/School (Black),https://www.amazon.in/Business-Casual-Compartment-Resistant-Backpack/dp/B08N6HSJJ5/ref=sr_1_235?crid=2M096C61O4MLT&keywords=bags&qid=1685030952&sprefix=ba%2Caps%2C283&sr=8-235,719,4.0 out of 5 stars,954
TRUE HUMAN® 32 Ltr Laptop Backpack for Men and Women| USB Port Travel Backpack|College Bags for Girls & Boys (Blue),https://www.amazon.in/TRUE-HUMAN%C2%AE-Laptop-Backpack-College/dp/B0BKTQ48D5/ref=sr_1_236?crid=2M096C61O4MLT&keywords=bags&qid=1685030952&sprefix=ba%2Caps%2C283&sr=8-236,499,3.6 out of 5 stars,174
"Storite Nylon 40 Cm Imported Travel Duffle Bag, Expandable Folding Travel Bag for Women, Lightweight Waterproof Carry Weekender Overnight Luggage Bag for Travel (Pink, 40 x 23 x 45 Cm)",https://www.amazon.in/Storite-Travel-Bag-Lightweight-Waterproof/dp/B0B24Z8KBV/ref=sr_1_237?crid=2M096C61O4MLT&keywords=bags&qid=1685030952&sprefix=ba%2Caps%2C283&sr=8-237,998,4.1 out of 5 stars,653
F Gear Burner P8 19 Ltrs White Casual Laptop Backpack,https://www.amazon.in/F-Gear-Burner-Casual-Laptop-Backpack/dp/B016115VXW/ref=sr_1_238?crid=2M096C61O4MLT&keywords=bags&qid=1685030952&sprefix=ba%2Caps%2C283&sr=8-238,714.,4.3 out of 5 stars,"3,953"
F Gear Sedna 27 Liters Laptop Backpack Sch Bag(Brown),https://www.amazon.in/F-Gear-Sedna-Laptop-Backpack-Brown/dp/B072N83D9M/ref=sr_1_239?crid=2M096C61O4MLT&keywords=bags&qid=1685030952&sprefix=ba%2Caps%2C283&sr=8-239,"1,249",4.2 out of 5 stars,168
HEROZ Harbour Unisex Nylon 28 L Travel Laptop Backpack Water Resistant Slim Durable Fits Up to 15.6 Inch Laptop Notebook (153-ALL) (Air Force Blue),https://www.amazon.in/HEROZ-Backpack-Resistant-Notebook-Airforce/dp/B07MCRHSVP/ref=sr_1_240?crid=2M096C61O4MLT&keywords=bags&qid=1685030952&sprefix=ba%2Caps%2C283&sr=8-240,841,4.1 out of 5 stars,"5,918"
SBCOLLECTION Premium School College Office Laptop Daily Use Backpack for All Day Traveler,https://www.amazon.in/SBCOLLECTION-Premium-Backpack-Water-Resistance-Business/dp/B0BXY23WMS/ref=sr_1_241?crid=2M096C61O4MLT&keywords=bags&qid=1685030958&sprefix=ba%2Caps%2C283&sr=8-241,239,4.0 out of 5 stars,7
"Storite PU Leather 14 Inch Laptop Shoulder Messenger Sling Office Business Travel Bag for Men & Women (Brown, 40cm x 29cm x 6cm)",https://www.amazon.in/Storite-Laptop-Briefcase-Messenger-Bag/dp/B08VWF41VX/ref=sr_1_242?crid=2M096C61O4MLT&keywords=bags&qid=1685030958&sprefix=ba%2Caps%2C283&sr=8-242,"1,059",3.7 out of 5 stars,411
"URBAN CARRIER Unisex Waterproof Medium Laptop Backpack for School and Colleges (Grey, Large, 45 Liters)",https://www.amazon.in/Backpack-Colleges-Luggage-Waterproof-Stylish/dp/B09GYGCK54/ref=sr_1_243?crid=2M096C61O4MLT&keywords=bags&qid=1685030958&sprefix=ba%2Caps%2C283&sr=8-243,559,3.9 out of 5 stars,258
"DIVULGE Drawstring Sports Gym Bag and Multi Utility Bag (Either Gray, 16 L)",https://www.amazon.in/DIVULGE-Drawstring-Sports-Utility-Either/dp/B0916383SK/ref=sr_1_244?crid=2M096C61O4MLT&keywords=bags&qid=1685030958&sprefix=ba%2Caps%2C283&sr=8-244,165,4.0 out of 5 stars,"1,097"
TRUE HUMAN® 32 Ltr Laptop Backpack for Men and Women| USB Port Travel Backpack|College Bags for Girls & Boys (Blue),https://www.amazon.in/TRUE-HUMAN%C2%AE-Laptop-Backpack-College/dp/B0BKTQ48D5/ref=sr_1_245?crid=2M096C61O4MLT&keywords=bags&qid=1685030958&sprefix=ba%2Caps%2C283&sr=8-245,499,3.6 out of 5 stars,174
"EVRUM Sling Bag For Men CrossBody Backpack For Men Women, Anti-Theft Chest Bag With USB Charging Port, Waterproof Casual Shoulder Bag Travel Hiking Sling Backpack Carbon Fiber",https://www.amazon.in/EVRUM-Business-Protection-Crossbody-Waterproof/dp/B0BX6VKQ35/ref=sr_1_246?crid=2M096C61O4MLT&keywords=bags&qid=1685030958&sprefix=ba%2Caps%2C283&sr=8-246,"1,619",4.9 out of 5 stars,70
"Amazon Basics- Laptop Messenger Bag for 13.3-Inch, 14-Inch, 15.6 -Inch Laptop Bag for Men and Women",https://www.amazon.in/Amazon-Basics-Messenger-13-3-Inch-14-Inch/dp/B09WMQ4Y7H/ref=sr_1_247?crid=2M096C61O4MLT&keywords=bags&qid=1685030958&sprefix=ba%2Caps%2C283&sr=8-247,699,3.9 out of 5 stars,39
"Frantic Velvet Kids Soft Cartoon Animal Travelling School Bag Soft Plush Backpacks Baby Girls Boys for 2 to 5 Years Baby/Boys/Girls Nursery, Picnic,Preschool",https://www.amazon.in/Frantic-Soft-Elephant-Velvet-Plush/dp/B07P9JFYZ5/ref=sr_1_248?crid=2M096C61O4MLT&keywords=bags&qid=1685030958&sprefix=ba%2Caps%2C283&sr=8-248,279,3.9 out of 5 stars,"5,090"
Gear ECO1 24L Water Resistant Laptop Bag/Backpack/Office Bag for Men/Women- Grey-Black-Yellow,https://www.amazon.in/Gear-Polyester-Laptop-Backpack-LBPECONO10412/dp/B012NW0J30/ref=sr_1_249?crid=2M096C61O4MLT&keywords=bags&qid=1685030958&sprefix=ba%2Caps%2C283&sr=8-249,852,4.2 out of 5 stars,"1,443"
Skybags polyester 28 Cms Duffle Bag(SKYBAGS_DFHUS55ONG_Orange),https://www.amazon.in/SKYBAGS-Unisex-Luggage-Duffel-Bag-DFHUS55ONG/dp/B07F342RQD/ref=sr_1_250?crid=2M096C61O4MLT&keywords=bags&qid=1685030958&sprefix=ba%2Caps%2C283&sr=8-250,"1,530",4.3 out of 5 stars,280
WildHorn® Leather 8.5 inch Sling Messenger Bag for Men I Multipurpose Crossbody Bag I Travel Bag with Adjustable Strap I DIMENSION: L- 8.5inch H- 10.5inch W- 3inch,https://www.amazon.in/WildHorn-Leather-Messenger-MB205-Hunter/dp/B0795WK59N/ref=sr_1_251?crid=2M096C61O4MLT&keywords=bags&qid=1685030958&sprefix=ba%2Caps%2C283&sr=8-251,"1,919",4.1 out of 5 stars,747
Genie Plaids 19 Maroon Backpack Collection,https://www.amazon.in/Genie-Plaids-Latest-Backpack-Collection/dp/B0893ZWXQJ/ref=sr_1_252?crid=2M096C61O4MLT&keywords=bags&qid=1685030958&sprefix=ba%2Caps%2C283&sr=8-252,"1,149",4.2 out of 5 stars,243
F Gear Sedna 27 Liters Laptop Backpack Sch Bag(Brown),https://www.amazon.in/F-Gear-Sedna-Laptop-Backpack-Brown/dp/B072N83D9M/ref=sr_1_253?crid=2M096C61O4MLT&keywords=bags&qid=1685030958&sprefix=ba%2Caps%2C283&sr=8-253,"1,249",4.2 out of 5 stars,168
Protecta The Professional Laptop Bag Briefcase for Laptops with Screen Size Up to 15.6 Inch (Black & Indian Geometric Print),https://www.amazon.in/Protecta-Professional-15-6-inch-Briefcase-Geometric/dp/B07GNCRCP4/ref=sr_1_254?crid=2M096C61O4MLT&keywords=bags&qid=1685030958&sprefix=ba%2Caps%2C283&sr=8-254,669,4.4 out of 5 stars,"1,443"
Aristocrat Draw-Pack 15L Unisex Grey Laptop Bags,https://www.amazon.in/Aristocrat-Draw-Pack-Unisex-Grey-Laptop/dp/B0B5YGP1BV/ref=sr_1_255?crid=2M096C61O4MLT&keywords=bags&qid=1685030958&sprefix=ba%2Caps%2C283&sr=8-255,499,4.3 out of 5 stars,12
HEROZ Hacker 50 litres Nylon Travel Laptop Backpack Water Resistant Slim Durable Computer Book Bag Tracking Fits Up to 17.3-inch Laptop (058- ALL) (Navy Blue),https://www.amazon.in/HEROZ-Backpack-Resistant-Computer-17-3-inch/dp/B083N3DCTM/ref=sr_1_256?crid=2M096C61O4MLT&keywords=bags&qid=1685030958&sprefix=ba%2Caps%2C283&sr=8-256,"1,599",4.2 out of 5 stars,"3,797"
"Half Moon Curiosity 35L Water Resistant 15.6"" Laptop Bag for Men/Backpack for Men, Black | Office Bag for Men/Office Bag for Women with Padded Laptop Compartment | Rain Cover & Slim Durable Backpack",https://www.amazon.in/Half-Moon-Curiosity-Backpack-Resistant/dp/B09S3ZK3N1/ref=sr_1_257?crid=2M096C61O4MLT&keywords=bags&qid=1685030963&sprefix=ba%2Caps%2C283&sr=8-257,749,3.8 out of 5 stars,177
high power 15.6 inch Laptop Bag Backpack Fashion Rucksack Casual Student School Bag Computer Bag College Bag Office Bag Business Bag Unisex Travel Backpack,https://www.amazon.in/high-power-Backpack-Rucksack-Computer/dp/B0BKGTW32W/ref=sr_1_258?crid=2M096C61O4MLT&keywords=bags&qid=1685030963&sprefix=ba%2Caps%2C283&sr=8-258,625,3.1 out of 5 stars,25
Priority Polyester 29 Cms Travel Duffle(25637_Aqua),https://www.amazon.in/Priority-ARC-Blue-Duffle-Luggage/dp/B08FCQ4YTG/ref=sr_1_259?crid=2M096C61O4MLT&keywords=bags&qid=1685030963&sprefix=ba%2Caps%2C283&sr=8-259,799,4.0 out of 5 stars,"7,835"
"Storite Vintage Canvas Laptop Backpack for Women Men, School College Bag with USB Charging Port Fashion Backpack Fits 14Inch Notebook, (Brown,30x12x41 Cm)",https://www.amazon.in/Storite-Canvas-Backpack-Charging-Brown/dp/B0B7XBZYFS/ref=sr_1_260?crid=2M096C61O4MLT&keywords=bags&qid=1685030963&sprefix=ba%2Caps%2C283&sr=8-260,749,3.1 out of 5 stars,14
"Nishi Medium Kids Backpack Waterproof Backpack, Girls & Women Stylish Trendy College, School & College Bag Black",https://www.amazon.in/Nishi-Backpack-Waterproof-Stylish-College/dp/B0BR9W54MW/ref=sr_1_261?crid=2M096C61O4MLT&keywords=bags&qid=1685030963&sprefix=ba%2Caps%2C283&sr=8-261,369,3.3 out of 5 stars,24
"FUR JADEN Anti Theft Number Lock Backpack Bag with 15.6 Inch Laptop Compartment, USB Charging Port & Organizer Pocket for Men Women Boys Girls",https://www.amazon.in/FUR-JADEN-Backpack-Compartment-Organizer/dp/B0BYSZ3TKW/ref=sr_1_262?crid=2M096C61O4MLT&keywords=bags&qid=1685030963&sprefix=ba%2Caps%2C283&sr=8-262,799,4.6 out of 5 stars,100
Tommy Hilfiger Emanuel Unisex Polyester 15 Inch Laptop Backpack Navy,https://www.amazon.in/Tommy-Hilfiger-Emanuel-Polyester-Backpack/dp/B0BDSGTJX3/ref=sr_1_263?crid=2M096C61O4MLT&keywords=bags&qid=1685030963&sprefix=ba%2Caps%2C283&sr=8-263,"1,850",4.6 out of 5 stars,3
Fostelo Handbag For Women And Girls | Ladies Purse Faux Leather Satchel Bag | Wedding Gifts For Women | Women 3 Compartments Bag | Travel Purse Hobo Bag | 5 Pockets Shoulder Bag,https://www.amazon.in/Fostelo-CATLIN-Womens-Handbag-Maroon/dp/B079MD5F7R/ref=sr_1_264?crid=2M096C61O4MLT&keywords=bags&qid=1685030963&sprefix=ba%2Caps%2C283&sr=8-264,669,4.1 out of 5 stars,"9,303"
HEROZ Hacker 50 litres Nylon Travel Laptop Backpack Water Resistant Slim Durable Computer Book Bag Tracking Fits Up to 17.3-inch Laptop (058- All) (Grey & Red),https://www.amazon.in/HEROZ-Backpack-Resistant-Computer-17-3-inch/dp/B083N53TWB/ref=sr_1_265?crid=2M096C61O4MLT&keywords=bags&qid=1685030963&sprefix=ba%2Caps%2C283&sr=8-265,"1,599",4.2 out of 5 stars,"3,797"
Gear Eco4 19L Water Resistant School Bag//Backpack/College Bag for Men/Women - Navy Blue,https://www.amazon.in/Gear-Green-Casual-Backpack-BKPECOBP40503/dp/B019HA8DQQ/ref=sr_1_266?crid=2M096C61O4MLT&keywords=bags&qid=1685030963&sprefix=ba%2Caps%2C283&sr=8-266,549,4.0 out of 5 stars,"4,213"
PUMA Laptop Backpack IND II Black-CASTLEROCK,https://www.amazon.in/PUMA-Laptop-Backpack-IND-Black-CASTLEROCK/dp/B08BV2S9K1/ref=sr_1_267?crid=2M096C61O4MLT&keywords=bags&qid=1685030963&sprefix=ba%2Caps%2C283&sr=8-267,"1,149",4.0 out of 5 stars,72
"ASUS EOS 2 Carry Bag (Black), 2-Tone Tear-Resistant & Water-Repellent 600D Polyster Bag, Messenger bag with luggage & detachable shoulder strap, Suitable for up to 39.62 cm (15.6-inch) Laptop",https://www.amazon.in/ASUS-Tear-Resistant-Water-Repellent-Messenger-detachable/dp/B0BWYQN4QS/ref=sr_1_268?crid=2M096C61O4MLT&keywords=bags&qid=1685030963&sprefix=ba%2Caps%2C283&sr=8-268,899,N/A,M.R.P:
SBCOLLECTION Premium School College Office Laptop Daily Use Backpack for All Day Traveler,https://www.amazon.in/SBCOLLECTION-Premium-Backpack-Water-Resistance-Business/dp/B0BXL5B1J4/ref=sr_1_269?crid=2M096C61O4MLT&keywords=bags&qid=1685030963&sprefix=ba%2Caps%2C283&sr=8-269,229,3.3 out of 5 stars,13
"YASH Bag for Boys and Girls Blue Color, 15.6 inch 25 L Casual Waterproof Laptop Backpack/Office Bag/School Bag/College Bag",https://www.amazon.in/Casual-Waterproof-Laptop-Backpack-College/dp/B0C3XG81XS/ref=sr_1_270?crid=2M096C61O4MLT&keywords=bags&qid=1685030963&sprefix=ba%2Caps%2C283&sr=8-270,"29,499",N/A,M.R.P:
F Gear Tycoon 27 Liters Laptop Backpack Sch Bag(Black),https://www.amazon.in/F-Gear-Tycoon-Laptop-Backpack/dp/B071XJ6XV5/ref=sr_1_271?crid=2M096C61O4MLT&keywords=bags&qid=1685030963&sprefix=ba%2Caps%2C283&sr=8-271,"1,149",4.4 out of 5 stars,239
NIVIA Sports Space Polyester Gym Bag/Unisex Gym Bags/Adjustable Shoulder Bag for Men/Duffle Gym Bags for Men/Fitness Bag/Sports and Travel Bag/Sports Kit/Duffle Bags Travel,https://www.amazon.in/Nivia-5412OG-Polyester-Sports-Orange/dp/B07HCP7W3K/ref=sr_1_272?crid=2M096C61O4MLT&keywords=bags&qid=1685030963&sprefix=ba%2Caps%2C283&sr=8-272,674,4.3 out of 5 stars,"1,072"
NIVIA Sports Space Polyester Gym Bag/Unisex Gym Bags/Adjustable Shoulder Bag for Men/Duffle Gym Bags for Men/Fitness Bag/Sports and Travel Bag/Sports Kit/Duffle Bags Travel,https://www.amazon.in/Nivia-5412OG-Polyester-Sports-Orange/dp/B07HCP7W3K/ref=sr_1_273?crid=2M096C61O4MLT&keywords=bags&qid=1685030969&sprefix=ba%2Caps%2C283&sr=8-273,674,4.3 out of 5 stars,"1,072"
"Skybags Drip NXT 03 Unisex Daypack Backpack with Drawstring Pocket, Black, SK BPDRNT3BLK",https://www.amazon.in/Skybags-Backpack-Drawstring-SK-BPDRNT3BLK/dp/B0BFXMRH19/ref=sr_1_274?crid=2M096C61O4MLT&keywords=bags&qid=1685030969&sprefix=ba%2Caps%2C283&sr=8-274,"1,828",4.1 out of 5 stars,21
"BROGBUS pu Leather Men Bag Casual Business Messenger Bag for Cross body Bag Male Shoulder Bags PU Leather Sling Messenger Bag (Brown, L- 10.05inch H- 11.5inch W- 3inch)",https://www.amazon.in/BROGBUS-Business-Messenger-Sling-10-05inch/dp/B09QLD9GJY/ref=sr_1_275?crid=2M096C61O4MLT&keywords=bags&qid=1685030969&sprefix=ba%2Caps%2C283&sr=8-275,939,4.0 out of 5 stars,533
"DIVULGE Multi Utility Drawstring Bag (Black , 16 L)",https://www.amazon.in/DIVULGE-Drawstring-Bag-Sports-Utility/dp/B07PXTDBH4/ref=sr_1_276?crid=2M096C61O4MLT&keywords=bags&qid=1685030969&sprefix=ba%2Caps%2C283&sr=8-276,153,4.0 out of 5 stars,"1,097"
Arctic Fox 27 Liters Zinc Deep Dive 15 Inch Laptop Backpack,https://www.amazon.in/Arctic-Fox-Liters-Laptop-Backpack/dp/B08DD7PWD3/ref=sr_1_277?crid=2M096C61O4MLT&keywords=bags&qid=1685030969&sprefix=ba%2Caps%2C283&sr=8-277,"1,398.",4.3 out of 5 stars,26
Gear Superior 16LWater Resistant School Bag//Backpack/College Bag for Men/Women - Black,https://www.amazon.in/Gear-Superior-Casual-Backpack-BKPSPRIOR0001/dp/B08GY2ZN96/ref=sr_1_278?crid=2M096C61O4MLT&keywords=bags&qid=1685030969&sprefix=ba%2Caps%2C283&sr=8-278,399,3.9 out of 5 stars,276
"The Purple Tree Fatty Tote Bag For Women, Women Fatty Tote Bag, Handbag, Women Handbag, Women Bag, Handbag for Women, Women's Tote, Gift For Women F",https://www.amazon.in/Purple-Tree-Womens-Tote-FATTYTOTE00008_Multicolored/dp/B084D9XWGK/ref=sr_1_279?crid=2M096C61O4MLT&keywords=bags&qid=1685030969&sprefix=ba%2Caps%2C283&sr=8-279,599,4.0 out of 5 stars,356
F Gear Bi Frost 47 cms Casual Laptop Backpack (2472) - Grey,https://www.amazon.in/F-Gear-Bi-Frost-Backpack-Grey/dp/B01JGD0FYM/ref=sr_1_280?crid=2M096C61O4MLT&keywords=bags&qid=1685030969&sprefix=ba%2Caps%2C283&sr=8-280,699,4.0 out of 5 stars,267
"Storite Pu Leather 46 Cms Travel Duffle Bag Sports Gym Shoulder Handbag for Men Outdoor Weekend Bag for Women with Shoe Compartment Luggage Bag (Brown, 46 x 25.5 x 25.5 Cm)",https://www.amazon.in/Storite-Bag-Shoulder-Compartment-Brown/dp/B0BJ6GK6S4/ref=sr_1_281?crid=2M096C61O4MLT&keywords=bags&qid=1685030969&sprefix=ba%2Caps%2C283&sr=8-281,598,3.9 out of 5 stars,38
HEROZ Hammer Unisex Nylon 45 L Travel Laptop Backpack Water Resistant Slim Durable Fits Up to 17.3 Inch Laptop Notebook (All) (Grey & Black),https://www.amazon.in/HEROZ-Hammer-Durable-Travel-Laptop/dp/B07MGDFT9C/ref=sr_1_282?crid=2M096C61O4MLT&keywords=bags&qid=1685030969&sprefix=ba%2Caps%2C283&sr=8-282,"1,499",4.3 out of 5 stars,"7,877"
HARISSONS Bags Volt 15.6 inch Office Laptop Backpacks for Men and Women,https://www.amazon.in/Harissons-Office-Laptop-Backpacks-Women/dp/B09D3YYYNG/ref=sr_1_283?crid=2M096C61O4MLT&keywords=bags&qid=1685030969&sprefix=ba%2Caps%2C283&sr=8-283,"1,504",4.1 out of 5 stars,245
Half Moon 34 L Water Resistant 15.6 inch Laptop Bag/Backpack for Men Women Boys Girls/Office School College with Padded Laptop Compartment (Grey),https://www.amazon.in/Half-Moon-Waterproof-Backpack-Grey/dp/B09688CSCZ/ref=sr_1_284?crid=2M096C61O4MLT&keywords=bags&qid=1685030969&sprefix=ba%2Caps%2C283&sr=8-284,599,3.9 out of 5 stars,"1,293"
"Space full School And Laptop Bag,For Man & Women College/Office/Traveling In Red & Grey Color Pack Of 1",https://www.amazon.in/School-Laptop-College-Office-Traveling/dp/B0BL7HMWVZ/ref=sr_1_285?crid=2M096C61O4MLT&keywords=bags&qid=1685030969&sprefix=ba%2Caps%2C283&sr=8-285,399,4.5 out of 5 stars,2
Verage Tokyo 56 cms Grey Cabin/Carry-on Trolley 4 Wheels,https://www.amazon.in/Verage-Tokyo-Trolley-Suitcase-Spinner/dp/B08HW6WRC9/ref=sr_1_286?crid=2M096C61O4MLT&keywords=bags&qid=1685030969&sprefix=ba%2Caps%2C283&sr=8-286,"1,899",4.1 out of 5 stars,"2,546"
EXOTIC hand bag for women,https://www.amazon.in/Exotic-hand-bag-women-Black/dp/B092S8632R/ref=sr_1_287?crid=2M096C61O4MLT&keywords=bags&qid=1685030969&sprefix=ba%2Caps%2C283&sr=8-287,"1,333",4.1 out of 5 stars,"1,415"
Tommy Hilfiger Connor 23 Ltrs Black Laptop Backpack (TH/CONNORLAP01),https://www.amazon.in/Hilfiger-Connor-Backpack-TH-CONNORLAP20/dp/B07N8HPP97/ref=sr_1_288?crid=2M096C61O4MLT&keywords=bags&qid=1685030969&sprefix=ba%2Caps%2C283&sr=8-288,"1,455",4.1 out of 5 stars,154
The Clownfish Unisex Leather Bag Stylish Messenger Bag Side Bag Shoulder Bag Men Long Flap Sling Bags Cross Body Bag Office Bag Business Bag And Travel Sling Small Bag for Men,https://www.amazon.in/Clownfish-Wizard-leather-Chocolate-Messenger/dp/B07P6JB312/ref=sr_1_289?crid=2M096C61O4MLT&keywords=bags&qid=1685030974&sprefix=ba%2Caps%2C283&sr=8-289,799,4.1 out of 5 stars,274
AYSIS Hobo Bags for Women Faux Leather Purses and Handbags Large Hobo Purse with Tassel,https://www.amazon.in/Aysis-Leather-Purses-Handbags-Tassel/dp/B0B5ZNT6LT/ref=sr_1_290?crid=2M096C61O4MLT&keywords=bags&qid=1685030974&sprefix=ba%2Caps%2C283&sr=8-290,"1,272",3.9 out of 5 stars,377
FUR JADEN 15.6 Anti Theft Laptop Backpack with USB Charging Port Unisex Bag for College Office Suitable for Men Women,https://www.amazon.in/FUR-JADEN-Waterproof-Charging-BM25_Grey/dp/B07FM9BSKW/ref=sr_1_291?crid=2M096C61O4MLT&keywords=bags&qid=1685030974&sprefix=ba%2Caps%2C283&sr=8-291,799,4.0 out of 5 stars,"6,003"
LEADERACHI Vintage Genuine Floral Hunter Leather Crossbody Sling Bag For Womens.,https://www.amazon.in/LEADERACHI-Womens-Printed-Leather-Crossover/dp/B072K2F315/ref=sr_1_292?crid=2M096C61O4MLT&keywords=bags&qid=1685030974&sprefix=ba%2Caps%2C283&sr=8-292,"2,196",4.0 out of 5 stars,479
"Space full School And Laptop Bag,For Man & Women College/Office/Traveling In Red & Grey Color Pack Of 1",https://www.amazon.in/School-Laptop-College-Office-Traveling/dp/B0BL7HMWVZ/ref=sr_1_293?crid=2M096C61O4MLT&keywords=bags&qid=1685030974&sprefix=ba%2Caps%2C283&sr=8-293,399,4.5 out of 5 stars,2
"Amazon Basics- Laptop Messenger Bag for 13.3-Inch, 14-Inch, 15.6 -Inch Laptop Bag for Men and Women",https://www.amazon.in/Amazon-Basics-Messenger-13-3-Inch-14-Inch/dp/B09WMQ4Y7H/ref=sr_1_294?crid=2M096C61O4MLT&keywords=bags&qid=1685030974&sprefix=ba%2Caps%2C283&sr=8-294,699,3.9 out of 5 stars,39
Bagmate Faux Leather Sling Bag - Stylish and Durable Crossbody Bag for Daily Use,https://www.amazon.in/Bagmate-Faux-Leather-Sling-Bag/dp/B0BZ6D4NR9/ref=sr_1_295?crid=2M096C61O4MLT&keywords=bags&qid=1685030974&sprefix=ba%2Caps%2C283&sr=8-295,950,N/A,M.R.P:
Fast Travel School Bag Class 5-10 Large 4 Partition 45 L Laptop Collage Office Travel Backpack Unisex (Orange Blue),https://www.amazon.in/Fast-Travel-partition-Collage-Backpack/dp/B09Q3LNSZK/ref=sr_1_296?crid=2M096C61O4MLT&keywords=bags&qid=1685030974&sprefix=ba%2Caps%2C283&sr=8-296,743,4.1 out of 5 stars,"1,064"
Tabelito® VOLT Casual waterproof Laptop Backpack/Office bag/School bag/College bag/Business bag/Unisex bag Travel bag Compatible with 15.6 inch Laptop 30L Bag for Men and Women - GREY,https://www.amazon.in/Tabelito%C2%AE-VOLT-waterproof-Backpack-Compatible/dp/B0BML7Q3J1/ref=sr_1_297?crid=2M096C61O4MLT&keywords=bags&qid=1685030974&sprefix=ba%2Caps%2C283&sr=8-297,599,4.8 out of 5 stars,175
"Storite Pack of 2 Heavy Duty Canvas Grocery Shopping Bags with Reinforced Handles (40x20x33-cm, Green)",https://www.amazon.in/Storite-Grocery-Shopping-Reinforced-40x20x33-cm/dp/B079T66RBW/ref=sr_1_298?crid=2M096C61O4MLT&keywords=bags&qid=1685030974&sprefix=ba%2Caps%2C283&sr=8-298,528,4.3 out of 5 stars,"2,140"
Chumbak Teal Feathered Mates Tote Bag - Navy,https://www.amazon.in/Chumbak-Feathered-Mates-Polyester-Navy/dp/B0821G2PJJ/ref=sr_1_299?crid=2M096C61O4MLT&keywords=bags&qid=1685030974&sprefix=ba%2Caps%2C283&sr=8-299,897,4.2 out of 5 stars,38
American Tourister Spin 49 cms Teal Laptop Backpack,https://www.amazon.in/American-Tourister-FS0-11-001/dp/B07S13P8BW/ref=sr_1_300?crid=2M096C61O4MLT&keywords=bags&qid=1685030974&sprefix=ba%2Caps%2C283&sr=8-300,"1,660",4.0 out of 5 stars,"1,457"
URBAN WOLF 30L Casual Dual Compartment Water Resistant Laptop Backpack Unisex Bags for Office/Travel/Business/College/School (Black),https://www.amazon.in/Business-Casual-Compartment-Resistant-Backpack/dp/B08N6HSJJ5/ref=sr_1_301?crid=2M096C61O4MLT&keywords=bags&qid=1685030974&sprefix=ba%2Caps%2C283&sr=8-301,719,4.0 out of 5 stars,954
Skybags Unisex Grey Jacqard 34L Laptop Bags,https://www.amazon.in/Skybags-Unisex-Grey-Jacqard-Laptop/dp/B09ZV9SLBJ/ref=sr_1_302?crid=2M096C61O4MLT&keywords=bags&qid=1685030974&sprefix=ba%2Caps%2C283&sr=8-302,"1,149",3.7 out of 5 stars,42
Baggit Women's Tote Handbag - Medium,https://www.amazon.in/Baggit-Womens-Tote-Handbag-Medium/dp/B0BNTRZKLJ/ref=sr_1_303?crid=2M096C61O4MLT&keywords=bags&qid=1685030974&sprefix=ba%2Caps%2C283&sr=8-303,794,5.0 out of 5 stars,2
Priority Polyester 29 Cms Travel Duffle(25637_Aqua),https://www.amazon.in/Priority-ARC-Blue-Duffle-Luggage/dp/B08FCQ4YTG/ref=sr_1_304?crid=2M096C61O4MLT&keywords=bags&qid=1685030974&sprefix=ba%2Caps%2C283&sr=8-304,799,4.0 out of 5 stars,"7,835"
Skybags Unisex Grey Jacqard 34L Laptop Bags,https://www.amazon.in/Skybags-Unisex-Grey-Jacqard-Laptop/dp/B09ZV9SLBJ/ref=sr_1_305?crid=2M096C61O4MLT&keywords=bags&qid=1685030979&sprefix=ba%2Caps%2C283&sr=8-305,"1,149",3.7 out of 5 stars,42
F Gear Millionaire Doby 36 Ltrs Black Laptop Backpack (3201),https://www.amazon.in/F-Gear-Millionaire-Doby-Black-Laptop-Backpack/dp/B07XMLCYTH/ref=sr_1_306?crid=2M096C61O4MLT&keywords=bags&qid=1685030979&sprefix=ba%2Caps%2C283&sr=8-306,"1,049",4.1 out of 5 stars,35
